annot_id,text
1,"A male student with black hair, wearing a black shirt and black pants, carrying a black backpack, and wearing white socks and black sandals."
2,"A female student with long black hair, wearing a white hoodie, black-and-white plaid pants, a black backpack, and black sandals."
18,A male student wearing a blue T-shirt and black pants.
61,"A female student with long black hair in a braid, wearing a white puffer jacket and grayish-white pants, carrying a gray handbag."
64,"A male student with black hair, wearing a black shirt and black pants."
119,"A female student with long black hair, wearing a black hoodie and a pink backpack."
139,"A male student wearing a black shirt and white pants, sitting on a stone bench."
158,"A male student wearing a black shirt and white pants, sitting on a stone bench."
178,"A male student wearing a black shirt and a light pink backpack, sitting on a stone bench."
179,A female student wearing a pink shirt and holding a yellow umbrella.
180,A female student wearing a pink shirt and holding a yellow umbrella.
181,A female student wearing a pink shirt and holding a yellow umbrella.
182,"A female student wearing a pink shirt and holding a yellow umbrella, standing next to a female student in a black T-shirt and white pants."
198,"A male student with black hair, wearing a black jacket with white stripes, white pants, and a white face mask."
201,"A female student with black hair, wearing a pale pink or blush pink shirt and gray pants."
202,"A female student with black hair, wearing a black shirt, white pants, and a beige backpack."
232,"A male student wearing a black shirt, black pants, and black shoes, recorded in dark lighting conditions."
236,"A female student with black hair, wearing a black shirt and light blue pants."
240,"A female student with black hair in a high bun, wearing a red long-sleeved shirt, blue jeans, and a black backpack, holding a phone."
242,"A male student with black hair, wearing a beige jacket and black pants."
243,"A female student with long black hair, wearing a white long-sleeved shirt, gray pants, and white sandals."
245,"A female student with long black hair, wearing a white long-sleeved shirt, black pants, white shoes, and a black backpack."
251,"A female student with black hair, wearing a navy blue long-sleeved shirt, white pants, and a black backpack."
256,"A male student with black hair, wearing a black face mask, a yellow shirt, and black pants."
265,"A male student with black hair, wearing a white jacket, black pants, and a black backpack."
267,"A female student with black hair, wearing a gray short-sleeved shirt and black pants, holding a white phone."
268,"A male student with short black hair, wearing a black shirt and black pants, holding a black backpack in his hand."
271,"A female student with long black hair, wearing a white puffer jacket and blue jeans, holding a pink bag."
273,"A female student with black hair, wearing a gray shirt, black plaid pants, white shoes, and a black backpack."
274,"A male student with black hair, wearing a grayish-white jacket over a black T-shirt, yellow pants, and black sandals."
275,"A female student with long black hair, wearing a white jacket, black pants, and white shoes."
278,"A female student wearing a long white button-up shirt, black pants, and white sandals."
282,"A female student wearing a gray shirt, gray pants, and a gray hood over her head."
284,"A male student wearing a black shirt, black pants, and black sandals."
285,"A male student with black hair, wearing a black shirt, black pants, and a black backpack."
287,"A male student with black hair, wearing a gray shirt, light blue jeans, and a black backpack, holding a phone."
288,"A female student with long black hair, wearing a black shirt, black pants, a yellow backpack, and a white scarf."
289,"A male student wearing a white hood over his head, a black shirt, black jeans, and a black backpack, holding a phone."
294,"A female student with long black hair, wearing a black shirt, white pants, and black sandals."
299,"A female student with brown hair, wearing a white shirt and black pants, carrying a black bag and holding a yellow bag."
300,"A female student with long black hair, wearing a black shirt, white pants, and a white backpack."
319,"A female student with long black hair, wearing a white shirt, black pants, and yellow sandals, carrying a blue bag."
320,"A female student wearing a white shirt, a red hat, blue or green pants, black sandals, and a white bag."
321,"A male student with short black hair, wearing a black shirt, white pants, and white sandals, holding a phone."
322,"A female student with long black hair, wearing a black shirt with white sleeves, a white backpack, and white sandals."
323,"A female student with long black hair, wearing a black shirt, black pants, a black backpack, and black sandals."
324,"A female student with long black hair, wearing a beige shirt and blue pants, carrying a white bag."
331,"A female student with long black hair, wearing a white short-sleeved shirt, black pants, and a brown backpack, holding white paper."
337,"A female student wearing a brown hoodie with the hood up, black pants, a black backpack, and a yellow scarf."
342,"A female student with black hair, wearing a black shirt, a white face mask, gray pants, and black sandals."
343,"A male student with short black hair, wearing a white shirt, black pants, white sandals, and a black backpack."
346,"A male student with black hair, wearing a black shirt, black pants, and a pink backpack."
347,"A female student with long black hair, wearing a gray shirt, blue pants, and white sandals."
348,"A male student with short black hair, wearing a gray short-sleeved shirt and black shorts."
354,"A male student with short black hair, wearing a black shirt with white stripes on the sleeves, black pants, black shoes, and a black backpack."
355,"A female student with long black hair, wearing a black shirt, black pants, black sandals, and a black-and-white backpack, holding a bag of food."
356,"A male student with short black hair, wearing a white shirt, white pants, and white sandals."
357,"A male student with black hair, wearing a black shirt with white sleeves, black pants, white shoes, and a black backpack."
360,"A male student with short black hair, wearing a black shirt, black pants, and black shoes."
370,"A woman with black hair, wearing a pink ao dai, holding a phone."
371,"A woman wearing a blue or green shirt, black pants, black shoes, and a white backpack."
372,"A woman with black hair, wearing a white shirt, black pants, and white sandals, holding a yellow bag containing drinks."
376,"A man with short black hair, wearing a white shirt, black pants, black sandals, and a black backpack."
380,"A man wearing a white button-up shirt, black pants, and black sandals, holding a black umbrella."
381,"A man with short black hair, wearing glasses, a red short-sleeved T-shirt, black pants, and black sandals."
383,"A man with black hair, wearing a light blue shirt, dark blue jeans, and a black backpack."
386,"A woman with black hair, wearing a black long-sleeved shirt, white pants, black sandals, and a white backpack."
387,"A man with short black hair, wearing a yellow long-sleeved shirt, black pants, and black sandals, holding a phone."
389,"A female student with black hair, wearing a white shirt, gray pants, and black shoes."
390,"A female student with black hair, wearing a white shirt, blue pants, and a brown backpack."
397,"A male student with black hair, wearing a white shirt and white pants, carrying a black bag."
399,"A female student with black hair, wearing a white shirt, blue jeans, and a black backpack."
403,"A female student with black hair, wearing a black shirt, black pants, white shoes, and a white backpack."
404,"A female student with black hair, wearing a blue shirt with a white pattern, white pants, and white shoes."
405,"A man with short black hair, wearing a white shirt with black sleeves with white stripes, black pants, and a black backpack."
409,"A male student with short black hair, wearing a navy blue shirt, black pants, black sandals, and a black backpack."
