annot_id,track_id,nguon,camera_id,model,variant,rank,Recall@1,Recall@5,Recall@10,mAP
1,8,video,DuongGiangVien,M-CLIP,spoken_phowhisper_vi,6368,0.0,0.0,0.0,0.000157035175879397
2,9,video,DuongGiangVien,M-CLIP,spoken_phowhisper_vi,1716,0.0,0.0,0.0,0.0005827505827505828
18,15935,video,SanCanteenLemon2,M-CLIP,spoken_phowhisper_vi,731,0.0,0.0,0.0,0.0013679890560875513
61,3048,video,DuongGiangVien,M-CLIP,spoken_phowhisper_vi,32,0.0,0.0,0.0,0.03125
64,6889,video,SanhGiangDuongMot,M-CLIP,spoken_phowhisper_vi,161,0.0,0.0,0.0,0.006211180124223602
119,7453,video,SanhGiangDuongMot,M-CLIP,spoken_phowhisper_vi,2,0.0,1.0,1.0,0.5
139,37086,edata,SanTruong/Cam2,M-CLIP,spoken_phowhisper_vi,17,0.0,0.0,0.0,0.058823529411764705
158,33528,edata,SanTruong/Cam2,M-CLIP,spoken_phowhisper_vi,3,0.0,1.0,1.0,0.3333333333333333
178,37460,edata,SanTruong/Cam2,M-CLIP,spoken_phowhisper_vi,2,0.0,1.0,1.0,0.5
179,35308,edata,SanCanteenLemon/Cam2,M-CLIP,spoken_phowhisper_vi,18,0.0,0.0,0.0,0.05555555555555555
180,35308,edata,SanCanteenLemon/Cam2,M-CLIP,spoken_phowhisper_vi,6,0.0,0.0,1.0,0.16666666666666666
181,35308,edata,SanCanteenLemon/Cam2,M-CLIP,spoken_phowhisper_vi,4,0.0,1.0,1.0,0.25
182,34966,edata,SanCanteenLemon/Cam2,M-CLIP,spoken_phowhisper_vi,2,0.0,1.0,1.0,0.5
198,37378,edata,SanTruong/Cam2,M-CLIP,spoken_phowhisper_vi,1977,0.0,0.0,0.0,0.0005058168942842691
201,37473,edata,SanTruong/Cam2,M-CLIP,spoken_phowhisper_vi,24,0.0,0.0,0.0,0.041666666666666664
202,37375,edata,SanTruong/Cam2,M-CLIP,spoken_phowhisper_vi,7,0.0,0.0,1.0,0.14285714285714285
232,36197,edata,SanhGiangDuongMot/Cam1,M-CLIP,spoken_phowhisper_vi,385,0.0,0.0,0.0,0.0025974025974025974
236,36104,edata,SanhGiangDuongMot/Cam1,M-CLIP,spoken_phowhisper_vi,3805,0.0,0.0,0.0,0.00026281208935611036
240,37227,edata,SanTruong/Cam2,M-CLIP,spoken_phowhisper_vi,420,0.0,0.0,0.0,0.002380952380952381
242,34983,edata,SanCanteenLemon/Cam2,M-CLIP,spoken_phowhisper_vi,69,0.0,0.0,0.0,0.014492753623188406
243,37183,edata,SanTruong/Cam2,M-CLIP,spoken_phowhisper_vi,13,0.0,0.0,0.0,0.07692307692307693
245,37331,edata,SanTruong/Cam2,M-CLIP,spoken_phowhisper_vi,835,0.0,0.0,0.0,0.0011976047904191617
251,37513,edata,SanTruong/Cam2,M-CLIP,spoken_phowhisper_vi,50,0.0,0.0,0.0,0.02
256,37382,edata,SanTruong/Cam2,M-CLIP,spoken_phowhisper_vi,406,0.0,0.0,0.0,0.0024630541871921183
265,36179,edata,SanhGiangDuongMot/Cam1,M-CLIP,spoken_phowhisper_vi,28,0.0,0.0,0.0,0.03571428571428571
267,34994,edata,SanCanteenLemon/Cam2,M-CLIP,spoken_phowhisper_vi,125,0.0,0.0,0.0,0.008
268,36300,edata,SanhGiangDuongMot/Cam1,M-CLIP,spoken_phowhisper_vi,32,0.0,0.0,0.0,0.03125
271,36370,edata,SanhGiangDuongMot/Cam1,M-CLIP,spoken_phowhisper_vi,3,0.0,1.0,1.0,0.3333333333333333
273,37156,edata,SanTruong/Cam2,M-CLIP,spoken_phowhisper_vi,95,0.0,0.0,0.0,0.010526315789473684
274,37489,edata,SanTruong/Cam2,M-CLIP,spoken_phowhisper_vi,102,0.0,0.0,0.0,0.00980392156862745
275,37540,edata,SanTruong/Cam2,M-CLIP,spoken_phowhisper_vi,293,0.0,0.0,0.0,0.0034129692832764505
278,37368,edata,SanTruong/Cam2,M-CLIP,spoken_phowhisper_vi,94,0.0,0.0,0.0,0.010638297872340425
282,36525,edata,SanhGiangDuongMot/Cam1,M-CLIP,spoken_phowhisper_vi,232,0.0,0.0,0.0,0.004310344827586207
284,37213,edata,SanTruong/Cam2,M-CLIP,spoken_phowhisper_vi,117,0.0,0.0,0.0,0.008547008547008548
285,37505,edata,SanTruong/Cam2,M-CLIP,spoken_phowhisper_vi,240,0.0,0.0,0.0,0.004166666666666667
287,37207,edata,SanTruong/Cam2,M-CLIP,spoken_phowhisper_vi,65,0.0,0.0,0.0,0.015384615384615385
288,36385,edata,SanhGiangDuongMot/Cam1,M-CLIP,spoken_phowhisper_vi,55,0.0,0.0,0.0,0.01818181818181818
289,36459,edata,SanhGiangDuongMot/Cam1,M-CLIP,spoken_phowhisper_vi,3,0.0,1.0,1.0,0.3333333333333333
294,34871,edata,SanCanteenLemon/Cam2,M-CLIP,spoken_phowhisper_vi,10,0.0,0.0,1.0,0.1
299,37241,edata,SanTruong/Cam2,M-CLIP,spoken_phowhisper_vi,29,0.0,0.0,0.0,0.034482758620689655
300,37290,edata,SanTruong/Cam2,M-CLIP,spoken_phowhisper_vi,244,0.0,0.0,0.0,0.004098360655737705
319,37129,edata,SanTruong/Cam2,M-CLIP,spoken_phowhisper_vi,39,0.0,0.0,0.0,0.02564102564102564
320,37149,edata,SanTruong/Cam2,M-CLIP,spoken_phowhisper_vi,33,0.0,0.0,0.0,0.030303030303030304
321,37231,edata,SanTruong/Cam2,M-CLIP,spoken_phowhisper_vi,52,0.0,0.0,0.0,0.019230769230769232
322,37281,edata,SanTruong/Cam2,M-CLIP,spoken_phowhisper_vi,154,0.0,0.0,0.0,0.006493506493506494
323,37288,edata,SanTruong/Cam2,M-CLIP,spoken_phowhisper_vi,1139,0.0,0.0,0.0,0.000877963125548727
324,37412,edata,SanTruong/Cam2,M-CLIP,spoken_phowhisper_vi,249,0.0,0.0,0.0,0.004016064257028112
331,35244,edata,SanCanteenLemon/Cam2,M-CLIP,spoken_phowhisper_vi,43,0.0,0.0,0.0,0.023255813953488372
337,36530,edata,SanhGiangDuongMot/Cam1,M-CLIP,spoken_phowhisper_vi,1076,0.0,0.0,0.0,0.0009293680297397769
342,36145,edata,SanhGiangDuongMot/Cam1,M-CLIP,spoken_phowhisper_vi,1187,0.0,0.0,0.0,0.0008424599831508003
343,36287,edata,SanhGiangDuongMot/Cam1,M-CLIP,spoken_phowhisper_vi,299,0.0,0.0,0.0,0.0033444816053511705
346,37098,edata,SanTruong/Cam2,M-CLIP,spoken_phowhisper_vi,3,0.0,1.0,1.0,0.3333333333333333
347,37123,edata,SanTruong/Cam2,M-CLIP,spoken_phowhisper_vi,27,0.0,0.0,0.0,0.037037037037037035
348,37304,edata,SanTruong/Cam2,M-CLIP,spoken_phowhisper_vi,153,0.0,0.0,0.0,0.006535947712418301
354,37230,edata,SanTruong/Cam2,M-CLIP,spoken_phowhisper_vi,440,0.0,0.0,0.0,0.0022727272727272726
355,37334,edata,SanTruong/Cam2,M-CLIP,spoken_phowhisper_vi,25,0.0,0.0,0.0,0.04
356,37340,edata,SanTruong/Cam2,M-CLIP,spoken_phowhisper_vi,1221,0.0,0.0,0.0,0.000819000819000819
357,37352,edata,SanTruong/Cam2,M-CLIP,spoken_phowhisper_vi,1,1.0,1.0,1.0,1.0
360,37264,edata,SanTruong/Cam2,M-CLIP,spoken_phowhisper_vi,1920,0.0,0.0,0.0,0.0005208333333333333
370,37113,edata,SanTruong/Cam2,M-CLIP,spoken_phowhisper_vi,2,0.0,1.0,1.0,0.5
371,37211,edata,SanTruong/Cam2,M-CLIP,spoken_phowhisper_vi,1755,0.0,0.0,0.0,0.0005698005698005698
372,37232,edata,SanTruong/Cam2,M-CLIP,spoken_phowhisper_vi,3,0.0,1.0,1.0,0.3333333333333333
376,36511,edata,SanhGiangDuongMot/Cam1,M-CLIP,spoken_phowhisper_vi,6,0.0,0.0,1.0,0.16666666666666666
380,34928,edata,SanCanteenLemon/Cam2,M-CLIP,spoken_phowhisper_vi,6,0.0,0.0,1.0,0.16666666666666666
381,34947,edata,SanCanteenLemon/Cam2,M-CLIP,spoken_phowhisper_vi,15,0.0,0.0,0.0,0.06666666666666667
383,36098,edata,SanhGiangDuongMot/Cam1,M-CLIP,spoken_phowhisper_vi,1,1.0,1.0,1.0,1.0
386,37238,edata,SanTruong/Cam2,M-CLIP,spoken_phowhisper_vi,7,0.0,0.0,1.0,0.14285714285714285
387,37317,edata,SanTruong/Cam2,M-CLIP,spoken_phowhisper_vi,597,0.0,0.0,0.0,0.0016750418760469012
389,36246,edata,SanhGiangDuongMot/Cam1,M-CLIP,spoken_phowhisper_vi,400,0.0,0.0,0.0,0.0025
390,36336,edata,SanhGiangDuongMot/Cam1,M-CLIP,spoken_phowhisper_vi,5,0.0,1.0,1.0,0.2
397,37373,edata,SanTruong/Cam2,M-CLIP,spoken_phowhisper_vi,386,0.0,0.0,0.0,0.0025906735751295338
399,37120,edata,SanTruong/Cam2,M-CLIP,spoken_phowhisper_vi,117,0.0,0.0,0.0,0.008547008547008548
403,36325,edata,SanhGiangDuongMot/Cam1,M-CLIP,spoken_phowhisper_vi,78,0.0,0.0,0.0,0.01282051282051282
404,36428,edata,SanhGiangDuongMot/Cam1,M-CLIP,spoken_phowhisper_vi,839,0.0,0.0,0.0,0.0011918951132300357
405,36483,edata,SanhGiangDuongMot/Cam1,M-CLIP,spoken_phowhisper_vi,44,0.0,0.0,0.0,0.022727272727272728
409,37363,edata,SanTruong/Cam2,M-CLIP,spoken_phowhisper_vi,49,0.0,0.0,0.0,0.02040816326530612
