run_id,date,commit,task_id,dataset,split,model,checkpoint_sha256,precision,metric,value,ci95_low,ci95_high,n,chance_level,hardware,notes
VT03-yolo11s-visdrone-20261005,2026-10-05,54ef479,VT-03,VisDrone2019-DET-val,val,yolo11s,,fp32,AP,0.1001287162613981,,,548,0.0,NVIDIA GeForce RTX 3050 Laptop GPU,"target=pedestrian; paired_n_images=520; imgsz=640; conf=0.001; precision suy ra tu ma nguon (khong co half=True), Viet xac nhan giup; commit lay tu git log cua file metrics vi lan chay khong ghi env/"
VT03-yolo11s-visdrone-20261005,2026-10-05,54ef479,VT-03,VisDrone2019-DET-val,val,yolo11s,,fp32,AP50,0.2354100845518088,,,548,0.0,NVIDIA GeForce RTX 3050 Laptop GPU,"target=pedestrian; paired_n_images=520; imgsz=640; conf=0.001; precision suy ra tu ma nguon (khong co half=True), Viet xac nhan giup; commit lay tu git log cua file metrics vi lan chay khong ghi env/"
VT03-yolo11s-visdrone-20261005,2026-10-05,54ef479,VT-03,VisDrone2019-DET-val,val,yolo11s,,fp32,AP75,0.072126659991864,,,548,0.0,NVIDIA GeForce RTX 3050 Laptop GPU,"target=pedestrian; paired_n_images=520; imgsz=640; conf=0.001; precision suy ra tu ma nguon (khong co half=True), Viet xac nhan giup; commit lay tu git log cua file metrics vi lan chay khong ghi env/"
VT03-yolo11s-visdrone-20261005,2026-10-05,54ef479,VT-03,VisDrone2019-DET-val,val,yolo11s,,fp32,AP_small,0.065307831291278,,,548,0.0,NVIDIA GeForce RTX 3050 Laptop GPU,"target=pedestrian; paired_n_images=520; imgsz=640; conf=0.001; precision suy ra tu ma nguon (khong co half=True), Viet xac nhan giup; commit lay tu git log cua file metrics vi lan chay khong ghi env/"
VT03-yolo11s-visdrone-20261005,2026-10-05,54ef479,VT-03,VisDrone2019-DET-val,val,yolo11s,,fp32,AP_medium,0.3174874206287197,,,548,0.0,NVIDIA GeForce RTX 3050 Laptop GPU,"target=pedestrian; paired_n_images=520; imgsz=640; conf=0.001; precision suy ra tu ma nguon (khong co half=True), Viet xac nhan giup; commit lay tu git log cua file metrics vi lan chay khong ghi env/"
VT03-yolo11s-visdrone-20261005,2026-10-05,54ef479,VT-03,VisDrone2019-DET-val,val,yolo11s,,fp32,AP_large,0.8616420034860629,,,548,0.0,NVIDIA GeForce RTX 3050 Laptop GPU,"target=pedestrian; paired_n_images=520; imgsz=640; conf=0.001; precision suy ra tu ma nguon (khong co half=True), Viet xac nhan giup; commit lay tu git log cua file metrics vi lan chay khong ghi env/"
VT03-yolo11s-visdrone-20261005,2026-10-05,54ef479,VT-03,VisDrone2019-DET-val,val,yolo11s,,fp32,latency_p50_ms,25.37335100009841,,,548,,NVIDIA GeForce RTX 3050 Laptop GPU,"target=pedestrian; paired_n_images=520; imgsz=640; conf=0.001; precision suy ra tu ma nguon (khong co half=True), Viet xac nhan giup; commit lay tu git log cua file metrics vi lan chay khong ghi env/"
VT03-yolo11s-visdrone-20261005,2026-10-05,54ef479,VT-03,VisDrone2019-DET-val,val,yolo11s,,fp32,latency_p95_ms,45.5467059502098,,,548,,NVIDIA GeForce RTX 3050 Laptop GPU,"target=pedestrian; paired_n_images=520; imgsz=640; conf=0.001; precision suy ra tu ma nguon (khong co half=True), Viet xac nhan giup; commit lay tu git log cua file metrics vi lan chay khong ghi env/"
VT03-yolo11s-visdrone-20261005,2026-10-05,54ef479,VT-03,VisDrone2019-DET-val,val,yolo11s,,fp32,latency_mean_ms,28.896407912393475,,,548,,NVIDIA GeForce RTX 3050 Laptop GPU,"target=pedestrian; paired_n_images=520; imgsz=640; conf=0.001; precision suy ra tu ma nguon (khong co half=True), Viet xac nhan giup; commit lay tu git log cua file metrics vi lan chay khong ghi env/"
VT03-yolo11s-visdrone-20261005,2026-10-05,54ef479,VT-03,VisDrone2019-DET-val,val,yolo11s,,fp32,peak_vram_mb,93.97412109375,,,548,,NVIDIA GeForce RTX 3050 Laptop GPU,"target=pedestrian; paired_n_images=520; imgsz=640; conf=0.001; precision suy ra tu ma nguon (khong co half=True), Viet xac nhan giup; commit lay tu git log cua file metrics vi lan chay khong ghi env/"
VT03-yolo11s-visdrone-20261005,2026-10-05,54ef479,VT-03,VisDrone2019-DET-val,val,yolo11s,,fp32,mean_per_image_AP,0.1500371843576431,0.135535654425621,0.1653260502964258,548,0.0,NVIDIA GeForce RTX 3050 Laptop GPU,"target=pedestrian; paired_n_images=520; imgsz=640; conf=0.001; precision suy ra tu ma nguon (khong co half=True), Viet xac nhan giup; commit lay tu git log cua file metrics vi lan chay khong ghi env/"
VT03-yoloworld-visdrone-20261005,2026-10-05,54ef479,VT-03,VisDrone2019-DET-val,val,yolov8s-worldv2,,fp32,AP,0.0848347900393115,,,548,0.0,NVIDIA GeForce RTX 3050 Laptop GPU,"target=pedestrian; paired_n_images=520; imgsz=640; conf=0.001; precision suy ra tu ma nguon (khong co half=True), Viet xac nhan giup; commit lay tu git log cua file metrics vi lan chay khong ghi env/"
VT03-yoloworld-visdrone-20261005,2026-10-05,54ef479,VT-03,VisDrone2019-DET-val,val,yolov8s-worldv2,,fp32,AP50,0.2028522279426516,,,548,0.0,NVIDIA GeForce RTX 3050 Laptop GPU,"target=pedestrian; paired_n_images=520; imgsz=640; conf=0.001; precision suy ra tu ma nguon (khong co half=True), Viet xac nhan giup; commit lay tu git log cua file metrics vi lan chay khong ghi env/"
VT03-yoloworld-visdrone-20261005,2026-10-05,54ef479,VT-03,VisDrone2019-DET-val,val,yolov8s-worldv2,,fp32,AP75,0.0576292099071962,,,548,0.0,NVIDIA GeForce RTX 3050 Laptop GPU,"target=pedestrian; paired_n_images=520; imgsz=640; conf=0.001; precision suy ra tu ma nguon (khong co half=True), Viet xac nhan giup; commit lay tu git log cua file metrics vi lan chay khong ghi env/"
VT03-yoloworld-visdrone-20261005,2026-10-05,54ef479,VT-03,VisDrone2019-DET-val,val,yolov8s-worldv2,,fp32,AP_small,0.0521437764879666,,,548,0.0,NVIDIA GeForce RTX 3050 Laptop GPU,"target=pedestrian; paired_n_images=520; imgsz=640; conf=0.001; precision suy ra tu ma nguon (khong co half=True), Viet xac nhan giup; commit lay tu git log cua file metrics vi lan chay khong ghi env/"
VT03-yoloworld-visdrone-20261005,2026-10-05,54ef479,VT-03,VisDrone2019-DET-val,val,yolov8s-worldv2,,fp32,AP_medium,0.2767212070753226,,,548,0.0,NVIDIA GeForce RTX 3050 Laptop GPU,"target=pedestrian; paired_n_images=520; imgsz=640; conf=0.001; precision suy ra tu ma nguon (khong co half=True), Viet xac nhan giup; commit lay tu git log cua file metrics vi lan chay khong ghi env/"
VT03-yoloworld-visdrone-20261005,2026-10-05,54ef479,VT-03,VisDrone2019-DET-val,val,yolov8s-worldv2,,fp32,AP_large,0.8271768675541293,,,548,0.0,NVIDIA GeForce RTX 3050 Laptop GPU,"target=pedestrian; paired_n_images=520; imgsz=640; conf=0.001; precision suy ra tu ma nguon (khong co half=True), Viet xac nhan giup; commit lay tu git log cua file metrics vi lan chay khong ghi env/"
VT03-yoloworld-visdrone-20261005,2026-10-05,54ef479,VT-03,VisDrone2019-DET-val,val,yolov8s-worldv2,,fp32,latency_p50_ms,26.71269600023152,,,548,,NVIDIA GeForce RTX 3050 Laptop GPU,"target=pedestrian; paired_n_images=520; imgsz=640; conf=0.001; precision suy ra tu ma nguon (khong co half=True), Viet xac nhan giup; commit lay tu git log cua file metrics vi lan chay khong ghi env/"
VT03-yoloworld-visdrone-20261005,2026-10-05,54ef479,VT-03,VisDrone2019-DET-val,val,yolov8s-worldv2,,fp32,latency_p95_ms,43.138710699895455,,,548,,NVIDIA GeForce RTX 3050 Laptop GPU,"target=pedestrian; paired_n_images=520; imgsz=640; conf=0.001; precision suy ra tu ma nguon (khong co half=True), Viet xac nhan giup; commit lay tu git log cua file metrics vi lan chay khong ghi env/"
VT03-yoloworld-visdrone-20261005,2026-10-05,54ef479,VT-03,VisDrone2019-DET-val,val,yolov8s-worldv2,,fp32,latency_mean_ms,28.29217514599837,,,548,,NVIDIA GeForce RTX 3050 Laptop GPU,"target=pedestrian; paired_n_images=520; imgsz=640; conf=0.001; precision suy ra tu ma nguon (khong co half=True), Viet xac nhan giup; commit lay tu git log cua file metrics vi lan chay khong ghi env/"
VT03-yoloworld-visdrone-20261005,2026-10-05,54ef479,VT-03,VisDrone2019-DET-val,val,yolov8s-worldv2,,fp32,peak_vram_mb,688.4482421875,,,548,,NVIDIA GeForce RTX 3050 Laptop GPU,"target=pedestrian; paired_n_images=520; imgsz=640; conf=0.001; precision suy ra tu ma nguon (khong co half=True), Viet xac nhan giup; commit lay tu git log cua file metrics vi lan chay khong ghi env/"
VT03-yoloworld-visdrone-20261005,2026-10-05,54ef479,VT-03,VisDrone2019-DET-val,val,yolov8s-worldv2,,fp32,mean_per_image_AP,0.1342739462852478,0.1200852984562516,0.1489703956991434,548,0.0,NVIDIA GeForce RTX 3050 Laptop GPU,"target=pedestrian; paired_n_images=520; imgsz=640; conf=0.001; precision suy ra tu ma nguon (khong co half=True), Viet xac nhan giup; commit lay tu git log cua file metrics vi lan chay khong ghi env/"
