annot_id,nguon,repeat,model_ms,pipeline_ms
1,video,0,18.076700000165147,29.869500000131666
2,video,0,16.886200000953977,28.055400000084774
18,video,0,14.329499999803375,24.690000000191503
61,video,0,17.058299999916926,28.118299998823204
64,video,0,15.88620000075025,28.02230000088457
119,video,0,16.95569999901636,28.927899998961948
139,edata,0,14.261500000429805,17.03529999940656
158,edata,0,13.459600000715,16.380500001105247
178,edata,0,16.061600001194165,19.80570000159787
179,edata,0,15.204799999992247,18.17250000021886
180,edata,0,13.661599999977625,16.652500000418513
181,edata,0,12.631499999770313,16.23960000142688
182,edata,0,13.000199998714379,16.569899999012705
198,edata,0,16.428999999334337,19.66100000026927
201,edata,0,15.838299999813898,18.78939999915019
202,edata,0,23.17849999963073,26.458499998625484
232,edata,0,12.206900000819587,15.3468000007706
236,edata,0,13.098299999910523,15.804599999682978
240,edata,0,15.480699999898206,18.507900000258815
242,edata,0,12.954899999385816,15.802600000824896
243,edata,0,12.523600000349688,15.318300000217278
245,edata,0,13.382700000875047,16.042600000218954
251,edata,0,15.959399999701418,19.15290000033565
256,edata,0,12.756199999785167,15.69759999983944
265,edata,0,17.70070000020496,20.387400001709466
267,edata,0,13.270499999634922,16.286599999148166
268,edata,0,19.46200000020326,22.221100000024308
271,edata,0,14.36939999985043,17.11980000072799
273,edata,0,17.11549999890849,21.11920000061218
274,edata,0,17.315499999313033,21.04010000039125
275,edata,0,13.91700000021956,17.10800000000745
278,edata,0,17.13689999996859,20.591599999534083
282,edata,0,15.134299999772338,18.137099999876227
284,edata,0,15.13619999968796,18.493099998522666
285,edata,0,18.791099999361904,21.669699999620207
287,edata,0,20.935200000167242,24.410699999862118
288,edata,0,15.720199999122997,18.803099999786355
289,edata,0,15.068799999426119,17.830599999797414
294,edata,0,15.747600000395323,19.059199999901466
299,edata,0,12.524100000518956,15.969399999448797
300,edata,0,12.890599999082042,15.87900000049558
319,edata,0,12.848999998823274,16.04869999937364
320,edata,0,12.715299999399576,15.931400001136353
321,edata,0,17.455799999879673,20.30940000076953
322,edata,0,15.244899999743211,18.766299999697367
323,edata,0,15.92239999990852,19.819400000415044
324,edata,0,14.939999999114661,17.96699999977136
331,edata,0,17.54579999942507,20.728100000269478
337,edata,0,20.961399999578134,24.573799999416224
342,edata,0,13.958499999716878,17.352000000755652
343,edata,0,14.232100000299397,17.815900000641705
346,edata,0,17.154600000139908,21.08340000086173
347,edata,0,18.429899999318877,22.10399999967194
348,edata,0,17.557200000737794,20.4303999998956
354,edata,0,20.693000000392203,24.70510000057402
355,edata,0,13.277500000185682,16.701000000466593
356,edata,0,15.909899999314803,18.555900000137626
357,edata,0,14.684400000987807,18.002500000875443
360,edata,0,13.115400000970112,16.954099999566097
370,edata,0,13.184499999624677,16.28789999995206
371,edata,0,13.73079999939364,17.336499999146326
372,edata,0,14.874699998472352,17.618199999560602
376,edata,0,21.589799998764647,25.139399998806766
380,edata,0,16.572000000451226,20.199099999445025
381,edata,0,17.140899999503745,153.8421000004746
383,edata,0,11.970199999268516,14.929899998605833
386,edata,0,11.558700000023236,13.952199999039294
387,edata,0,10.966199999529636,14.189100000294275
389,edata,0,11.967500000537257,14.529899999615736
390,edata,0,11.67379999969853,14.264100000218605
397,edata,0,11.636299999736366,14.344199998959084
399,edata,0,11.741099999198923,14.486000000033528
403,edata,0,17.078499999115593,19.997800000055577
404,edata,0,11.060300001190626,13.6651000011625
405,edata,0,16.313199999785866,19.163999999364023
409,edata,0,10.636599999997998,13.033299999733572
1,video,1,11.01100000050792,21.87000000049011
2,video,1,10.925700000370853,20.738100000016857
18,video,1,12.276199999178061,21.737899998697685
61,video,1,18.127700001059566,28.03200000016659
64,video,1,14.033800000106567,24.442899999485235
119,video,1,15.965599999617552,26.85139999994135
139,edata,1,13.9629999994213,16.330200000084005
158,edata,1,10.945300000457792,13.701900001251488
178,edata,1,11.00149999911082,13.330300000234274
179,edata,1,10.351499999160296,12.752700000419281
180,edata,1,10.394500000984408,13.603700001112884
181,edata,1,13.557700000092154,16.22959999986051
182,edata,1,13.0141999998159,15.857799999139388
198,edata,1,12.04169999982696,14.399799998500384
201,edata,1,17.841900000348687,20.59240000016871
202,edata,1,13.664000000062515,16.300999999657506
232,edata,1,11.215100001209066,13.879800000722753
236,edata,1,11.103499999080668,13.496100000338629
240,edata,1,10.63100000101258,13.057699999990291
242,edata,1,10.678200000256766,13.768000000709435
243,edata,1,11.03049999983341,13.429399999949965
245,edata,1,14.612599999964004,16.95839999956661
251,edata,1,11.564800000996911,14.258799999879557
256,edata,1,17.521000001579523,20.053700000062236
265,edata,1,10.864600000786595,13.472500000716536
267,edata,1,10.629700000208686,13.285900000482798
268,edata,1,10.533300001043244,13.553099999626284
271,edata,1,10.922299999947427,13.301900000442402
273,edata,1,13.04089999939606,15.399399999296293
274,edata,1,11.498899999423884,14.153199999782373
275,edata,1,11.19970000036119,13.659899999765912
278,edata,1,10.902600000918028,13.439300000754884
282,edata,1,10.639999998602434,13.000499999179738
284,edata,1,10.741300000518095,13.29489999989164
285,edata,1,10.494099999050377,13.112299999193056
287,edata,1,10.824299999512732,13.218699999924866
288,edata,1,18.774699999994482,21.169399999052985
289,edata,1,10.990800001309253,13.626100000692531
294,edata,1,10.830499999428866,13.700900000912952
299,edata,1,14.714799999637762,17.52169999963371
300,edata,1,10.88290000006964,13.281599998663296
319,edata,1,11.517099999764469,14.010400000188383
320,edata,1,11.15869999921415,13.98929999959364
321,edata,1,12.277299998459057,14.675299998998526
322,edata,1,14.233399999284302,16.6148999996949
323,edata,1,11.160399999425863,13.826200000039535
324,edata,1,11.239000001296517,13.550400000895024
331,edata,1,12.758799999573966,15.208599999823491
337,edata,1,10.68909999958123,13.085999999020714
342,edata,1,10.800899999594549,13.62180000069202
343,edata,1,11.080700000093202,13.786900000923197
346,edata,1,10.610199999064207,13.549400000556489
347,edata,1,10.884600000281353,13.293800000610645
348,edata,1,11.426000000938075,14.110900001469417
354,edata,1,11.190799999894807,13.518699999622186
355,edata,1,13.883900001019356,16.213800001423806
356,edata,1,12.189800001578988,14.854700000796583
357,edata,1,19.465200000922778,22.958900000958238
360,edata,1,11.082900000474183,13.588699999672826
370,edata,1,10.684199998650001,13.560399998823414
371,edata,1,10.701999999582767,13.11610000084329
372,edata,1,10.337300000173855,12.787400000888738
376,edata,1,10.748999999123043,13.650099999722443
380,edata,1,11.840200000733603,14.786500001719105
381,edata,1,14.363000000230386,17.34299999952782
383,edata,1,18.71220000066387,21.368000001530163
386,edata,1,18.41489999969781,20.770499999343883
387,edata,1,10.447799999383278,13.68939999883878
389,edata,1,10.690799999792944,13.119699999151635
390,edata,1,10.796799999297946,13.397999999142485
397,edata,1,10.354099998949096,12.674499999775435
399,edata,1,18.663000000742613,21.614200000840356
403,edata,1,11.213800000405172,13.546300000598421
404,edata,1,11.058800000682822,14.242299999750685
405,edata,1,13.407799999185954,16.31429999906686
409,edata,1,11.59650000045076,14.335699999719509
1,video,2,12.197399999422487,21.88209999985702
2,video,2,11.001699998814729,20.70869999988645
18,video,2,11.540400000740192,20.884400000795722
61,video,2,11.511299999256153,20.760899999004323
64,video,2,11.177599999427912,20.579500000167172
119,video,2,10.58299999931478,20.275799999581068
139,edata,2,12.359300000753137,14.721100000315346
158,edata,2,10.920500000793254,13.306400000146823
178,edata,2,11.840499999379972,14.178400000673719
179,edata,2,10.731799999120994,13.017399998716428
180,edata,2,10.613399999783724,13.577699999586912
181,edata,2,10.521800000788062,12.898900000436697
182,edata,2,10.262000001603155,12.742000000798726
198,edata,2,11.632399999143672,14.051199999812525
201,edata,2,16.34159999957774,19.394199998714612
202,edata,2,17.90679999976419,20.312399999966146
232,edata,2,15.754699999888544,18.420000000332948
236,edata,2,13.771399999313871,16.371600000638864
240,edata,2,13.52229999974952,16.341799999281648
242,edata,2,10.8418999989226,13.45229999969888
243,edata,2,10.75710000077379,13.144000000465894
245,edata,2,10.963100001390558,13.91660000081174
251,edata,2,10.601100000712904,13.247200000478188
256,edata,2,11.126299999887124,14.104500000030384
265,edata,2,10.876500000449596,13.265699999465141
267,edata,2,10.262900001180242,12.636500001462991
268,edata,2,10.997200000929297,14.036200000191457
271,edata,2,14.674899999590707,16.981700000542332
273,edata,2,19.126799999867217,21.492900001248927
274,edata,2,10.622800000419375,13.012699999308097
275,edata,2,11.546499999894877,14.83860000007553
278,edata,2,10.99650000105612,13.385100000959937
282,edata,2,11.67390000045998,14.78040000074543
284,edata,2,15.365299999757553,17.941199999768287
285,edata,2,11.18300000052841,14.71540000056848
287,edata,2,13.662100000146893,16.83460000094783
288,edata,2,14.871500001390814,17.26330000019516
289,edata,2,10.90239999939513,13.499200000296696
294,edata,2,13.69650000015099,16.392699999414617
299,edata,2,11.989000000539818,14.398799999980838
300,edata,2,11.489700000311132,14.78800000040792
319,edata,2,10.464900000442867,12.839200000598794
320,edata,2,10.405799999716692,12.934800000948599
321,edata,2,10.797400000228663,13.680399999429937
322,edata,2,10.75440000022354,13.283899999805726
323,edata,2,10.745100000349339,13.649300000906806
324,edata,2,11.687700000038603,14.039700001376332
331,edata,2,10.532399999647168,13.353399999687099
337,edata,2,11.064700000133598,13.367300000027171
342,edata,2,10.517099999560742,13.00949999858858
343,edata,2,10.57099999889033,13.111799999023788
346,edata,2,10.988899999574642,13.537599999835948
347,edata,2,10.506299999178736,13.257799999337294
348,edata,2,11.55289999951492,13.859499998943647
354,edata,2,11.12219999959052,14.159000000290689
355,edata,2,12.06090000050608,14.56060000055004
356,edata,2,11.791400000220165,14.226000001144712
357,edata,2,11.22389999909501,14.788599999519647
360,edata,2,12.038700000630342,14.7757000013371
370,edata,2,12.550100000225939,14.952100000300561
371,edata,2,11.108099999546539,14.014799999131355
372,edata,2,11.090600000898121,14.244800000597024
376,edata,2,14.892499999405118,17.46160000038799
380,edata,2,16.34569999987434,19.267600000603124
381,edata,2,17.466999999669497,20.34999999887077
383,edata,2,10.860599999432452,13.198700000430108
386,edata,2,10.954399998809095,13.470799998685834
387,edata,2,11.811200000011013,14.643300000898307
389,edata,2,11.160199999721954,13.748100000157137
390,edata,2,11.171699999977136,13.511799999832874
397,edata,2,18.853300000046147,21.342800000638817
399,edata,2,10.641599999871687,12.909099999887985
403,edata,2,10.700400000132504,13.487399999576155
404,edata,2,10.721000000557979,13.071800000034273
405,edata,2,10.699599999497877,13.833400000294205
409,edata,2,11.335600000165869,13.797600000543753
