annot_id,rank,track_id,score
1,1,7205,0.3157743513584137
1,2,7247,0.3061288595199585
1,3,19433,0.3040793240070343
1,4,23319,0.30377042293548584
1,5,27896,0.30362576246261597
1,6,12528,0.3031965494155884
1,7,11400,0.3022794723510742
1,8,9497,0.29817110300064087
1,9,8910,0.2981475293636322
1,10,30407,0.29706239700317383
2,1,48,0.29065656661987305
2,2,4490,0.28711244463920593
2,3,24288,0.2817893624305725
2,4,2674,0.2777499556541443
2,5,26451,0.27739620208740234
2,6,10299,0.2704079747200012
2,7,26006,0.2692362070083618
2,8,7449,0.2687188386917114
2,9,10292,0.26809895038604736
2,10,21854,0.2673701047897339
18,1,10726,0.26302334666252136
18,2,14721,0.2625381350517273
18,3,15821,0.2612641453742981
18,4,13443,0.25734061002731323
18,5,15298,0.25664180517196655
18,6,5848,0.2557447552680969
18,7,16853,0.2547667622566223
18,8,12312,0.2545718848705292
18,9,6856,0.2507900595664978
18,10,15090,0.24979472160339355
61,1,7368,0.2942561209201813
61,2,24288,0.2938857674598694
61,3,27492,0.2836298644542694
61,4,3048,0.28235363960266113
61,5,7205,0.28082534670829773
61,6,30671,0.2800212502479553
61,7,4239,0.2766602337360382
61,8,7165,0.2764318287372589
61,9,18386,0.27577680349349976
61,10,828,0.27573448419570923
64,1,13851,0.27210766077041626
64,2,11838,0.2710144519805908
64,3,11219,0.27017301321029663
64,4,7205,0.2693803906440735
64,5,9497,0.2653891146183014
64,6,13321,0.26008233428001404
64,7,16880,0.2587990164756775
64,8,26625,0.2574974596500397
64,9,28784,0.2570456862449646
64,10,13454,0.25684452056884766
119,1,7443,0.29407045245170593
119,2,7534,0.28010326623916626
119,3,7528,0.27742838859558105
119,4,24944,0.27383583784103394
119,5,26766,0.27352219820022583
119,6,9414,0.2715275287628174
119,7,24244,0.27013057470321655
119,8,7453,0.264609694480896
119,9,13062,0.26302558183670044
119,10,11079,0.2613160014152527
139,1,33528,0.27191370725631714
139,2,37328,0.26723840832710266
139,3,37089,0.25814351439476013
139,4,34547,0.25612306594848633
139,5,37086,0.25477367639541626
139,6,34720,0.2543967366218567
139,7,35236,0.2526085674762726
139,8,34556,0.25234755873680115
139,9,34373,0.2507266402244568
139,10,34379,0.2502954602241516
158,1,33528,0.2845863997936249
158,2,37328,0.27655231952667236
158,3,34547,0.2762572765350342
158,4,37089,0.27198266983032227
158,5,34479,0.27164924144744873
158,6,37086,0.26989203691482544
158,7,34478,0.2669183015823364
158,8,34373,0.2663377523422241
158,9,34390,0.2600122094154358
158,10,34441,0.2596554458141327
178,1,37089,0.26693961024284363
178,2,37460,0.2647936940193176
178,3,37085,0.26375967264175415
178,4,37328,0.2610360085964203
178,5,37098,0.25666654109954834
178,6,34372,0.2532183825969696
178,7,37108,0.24799999594688416
178,8,37086,0.24644888937473297
178,9,33528,0.24587678909301758
178,10,34748,0.24482235312461853
179,1,35308,0.2250860631465912
179,2,37453,0.22014448046684265
179,3,34431,0.21991252899169922
179,4,34834,0.21960604190826416
179,5,34554,0.21486200392246246
179,6,34652,0.21434849500656128
179,7,37473,0.21428276598453522
179,8,33467,0.20940306782722473
179,9,34719,0.20891836285591125
179,10,33468,0.20698052644729614
180,1,35308,0.2250860631465912
180,2,37453,0.22014448046684265
180,3,34431,0.21991252899169922
180,4,34834,0.21960604190826416
180,5,34554,0.21486200392246246
180,6,34652,0.21434849500656128
180,7,37473,0.21428276598453522
180,8,33467,0.20940306782722473
180,9,34719,0.20891836285591125
180,10,33468,0.20698052644729614
181,1,35308,0.2250860631465912
181,2,37453,0.22014448046684265
181,3,34431,0.21991252899169922
181,4,34834,0.21960604190826416
181,5,34554,0.21486200392246246
181,6,34652,0.21434849500656128
181,7,37473,0.21428276598453522
181,8,33467,0.20940306782722473
181,9,34719,0.20891836285591125
181,10,33468,0.20698052644729614
182,1,33468,0.24724441766738892
182,2,34970,0.23975080251693726
182,3,37279,0.2209542989730835
182,4,35496,0.22036102414131165
182,5,33467,0.2187504768371582
182,6,35740,0.21837683022022247
182,7,35308,0.217924565076828
182,8,33469,0.2151346653699875
182,9,37816,0.2124522477388382
182,10,37473,0.2111731469631195
198,1,37194,0.25006982684135437
198,2,37378,0.2456045150756836
198,3,36535,0.23951107263565063
198,4,36135,0.23837199807167053
198,5,33511,0.23832657933235168
198,6,36097,0.2340674102306366
198,7,35236,0.23347195982933044
198,8,37091,0.23152315616607666
198,9,37861,0.22975867986679077
198,10,37230,0.22918915748596191
201,1,37816,0.22237655520439148
201,2,34970,0.2174386978149414
201,3,33468,0.21350212395191193
201,4,37473,0.21168260276317596
201,5,37279,0.2107844352722168
201,6,37453,0.21061548590660095
201,7,37246,0.20625191926956177
201,8,34834,0.20274870097637177
201,9,37196,0.1988677829504013
201,10,35594,0.19723710417747498
202,1,37415,0.2568853497505188
202,2,37279,0.2532286047935486
202,3,36097,0.24932339787483215
202,4,37098,0.24924267828464508
202,5,37375,0.2408677637577057
202,6,34834,0.23756638169288635
202,7,37116,0.23434680700302124
202,8,37513,0.23327037692070007
202,9,37194,0.23257870972156525
202,10,37346,0.229518860578537
232,1,35537,0.2535631060600281
232,2,36619,0.24532879889011383
232,3,37194,0.2447146326303482
232,4,36849,0.24301300942897797
232,5,37463,0.24122202396392822
232,6,36991,0.2391567826271057
232,7,37861,0.23756268620491028
232,8,33500,0.23730981349945068
232,9,35170,0.2352674901485443
232,10,36440,0.23488010466098785
236,1,35381,0.22284293174743652
236,2,34834,0.22067469358444214
236,3,36097,0.21927675604820251
236,4,37084,0.21808135509490967
236,5,35554,0.21429243683815002
236,6,34997,0.2117161601781845
236,7,37279,0.21123260259628296
236,8,35703,0.2110115885734558
236,9,37744,0.21061693131923676
236,10,35705,0.20948487520217896
240,1,36336,0.2309834510087967
240,2,36686,0.23014847934246063
240,3,37168,0.22626838088035583
240,4,37284,0.22157832980155945
240,5,34435,0.21682482957839966
240,6,35769,0.21492500603199005
240,7,34834,0.21347548067569733
240,8,37472,0.21241965889930725
240,9,37085,0.21227093040943146
240,10,37393,0.209652379155159
242,1,37415,0.2359268218278885
242,2,34704,0.23540715873241425
242,3,36217,0.23126459121704102
242,4,35993,0.2305959314107895
242,5,34764,0.2278321385383606
242,6,35868,0.22605353593826294
242,7,37652,0.2210443764925003
242,8,37672,0.2192584127187729
242,9,34635,0.21918171644210815
242,10,37194,0.2190217524766922
243,1,37487,0.24910086393356323
243,2,37791,0.24823279678821564
243,3,37828,0.24790431559085846
243,4,37129,0.24346455931663513
243,5,37183,0.23958680033683777
243,6,37281,0.2367733269929886
243,7,37125,0.23648115992546082
243,8,37262,0.23445755243301392
243,9,37859,0.2333235740661621
243,10,36812,0.23321959376335144
245,1,37194,0.24737367033958435
245,2,37487,0.24592851102352142
245,3,37281,0.2434411346912384
245,4,37279,0.24154032766819
245,5,37346,0.24151501059532166
245,6,37262,0.2407856583595276
245,7,37129,0.23913121223449707
245,8,37744,0.23579645156860352
245,9,37461,0.23461416363716125
245,10,37828,0.23279090225696564
251,1,36097,0.23368053138256073
251,2,37284,0.22942979633808136
251,3,37513,0.22895261645317078
251,4,37487,0.22746089100837708
251,5,37126,0.2263927161693573
251,6,37116,0.22537794709205627
251,7,37828,0.22501322627067566
251,8,37178,0.22395062446594238
251,9,34802,0.2239045798778534
251,10,37279,0.22390101850032806
256,1,34481,0.2283935844898224
256,2,38044,0.2189042866230011
256,3,36217,0.21557360887527466
256,4,36097,0.21366840600967407
256,5,37068,0.2122367024421692
256,6,36537,0.20990659296512604
256,7,35120,0.20792150497436523
256,8,37964,0.20778316259384155
256,9,36434,0.20763757824897766
256,10,34501,0.20757237076759338
265,1,37116,0.2725604772567749
265,2,37194,0.2689240574836731
265,3,37132,0.258535772562027
265,4,37415,0.2583956718444824
265,5,37112,0.2519840598106384
265,6,36532,0.2519533038139343
265,7,35021,0.24932914972305298
265,8,36287,0.24578967690467834
265,9,34635,0.24421507120132446
265,10,37392,0.24419152736663818
267,1,34411,0.2284565269947052
267,2,34691,0.22136110067367554
267,3,35613,0.22047632932662964
267,4,37786,0.2188347429037094
267,5,35488,0.21846690773963928
267,6,35587,0.21725937724113464
267,7,35381,0.21721616387367249
267,8,35353,0.216556578874588
267,9,35244,0.21514004468917847
267,10,35467,0.21453367173671722
268,1,34635,0.26133018732070923
268,2,36097,0.2521275281906128
268,3,37132,0.2465595155954361
268,4,36251,0.2456819713115692
268,5,37513,0.24538016319274902
268,6,34826,0.24497076869010925
268,7,37194,0.2435665726661682
268,8,36150,0.24337051808834076
268,9,36054,0.24131718277931213
268,10,37103,0.2388158142566681
271,1,37279,0.24044203758239746
271,2,36261,0.227569580078125
271,3,36370,0.22483733296394348
271,4,37828,0.2224792242050171
271,5,37415,0.2183847725391388
271,6,36336,0.21816280484199524
271,7,36518,0.21808390319347382
271,8,37939,0.21804895997047424
271,9,37246,0.2161848545074463
271,10,36227,0.21373429894447327
273,1,36097,0.22671040892601013
273,2,35381,0.2235948145389557
273,3,37548,0.22092506289482117
273,4,37279,0.220453679561615
273,5,37513,0.21958598494529724
273,6,35488,0.21911393105983734
273,7,34976,0.21860572695732117
273,8,37214,0.21812501549720764
273,9,37194,0.2158767431974411
273,10,35587,0.2157997488975525
274,1,36099,0.23313874006271362
274,2,37068,0.2222023457288742
274,3,36178,0.21739543974399567
274,4,36537,0.21729284524917603
274,5,35238,0.2150292843580246
274,6,35236,0.21454255282878876
274,7,36363,0.21434913575649261
274,8,34481,0.21395114064216614
274,9,36041,0.21360915899276733
274,10,36892,0.2129826843738556
275,1,37828,0.2505747079849243
275,2,37461,0.24841710925102234
275,3,37262,0.2459501475095749
275,4,37011,0.24492931365966797
275,5,37859,0.24490202963352203
275,6,37487,0.24434061348438263
275,7,36521,0.2419542372226715
275,8,37350,0.24002179503440857
275,9,37494,0.23943820595741272
275,10,37089,0.2372416853904724
278,1,37487,0.2394566833972931
278,2,37828,0.2373996526002884
278,3,34510,0.23662754893302917
278,4,37297,0.22918710112571716
278,5,37125,0.2264668494462967
278,6,37791,0.22587420046329498
278,7,37403,0.22548598051071167
278,8,34486,0.2245645672082901
278,9,37129,0.22349001467227936
278,10,36429,0.22338064014911652
282,1,37256,0.24202167987823486
282,2,35488,0.22822783887386322
282,3,36691,0.22192978858947754
282,4,33929,0.2203960418701172
282,5,34676,0.2188526690006256
282,6,37020,0.21839851140975952
282,7,36654,0.21750888228416443
282,8,34976,0.21634919941425323
282,9,35539,0.21294578909873962
282,10,37162,0.2127244770526886
284,1,35537,0.25597700476646423
284,2,35005,0.2507691979408264
284,3,35584,0.25045403838157654
284,4,35940,0.24123015999794006
284,5,35170,0.23742608726024628
284,6,33500,0.23450562357902527
284,7,35273,0.23392793536186218
284,8,37194,0.23284927010536194
284,9,34882,0.2317676842212677
284,10,35453,0.2313942164182663
285,1,34635,0.25965210795402527
285,2,37132,0.25356513261795044
285,3,36097,0.24873124063014984
285,4,36150,0.2483723759651184
285,5,37513,0.24408559501171112
285,6,37194,0.2429501712322235
285,7,37277,0.24176441133022308
285,8,35005,0.23882204294204712
285,9,36251,0.23860083520412445
285,10,37103,0.2385329008102417
287,1,35844,0.25396010279655457
287,2,37103,0.2526037096977234
287,3,36336,0.24546799063682556
287,4,37207,0.24497583508491516
287,5,37112,0.24318671226501465
287,6,34519,0.241728276014328
287,7,37513,0.23693625628948212
287,8,37302,0.23328560590744019
287,9,36179,0.23293763399124146
287,10,37516,0.23269961774349213
288,1,35414,0.23606710135936737
288,2,36097,0.23327670991420746
288,3,37415,0.23185937106609344
288,4,37744,0.23146554827690125
288,5,37279,0.23128758370876312
288,6,36376,0.2300967276096344
288,7,37194,0.22773173451423645
288,8,37262,0.22418248653411865
288,9,37529,0.22296655178070068
288,10,37098,0.22224952280521393
289,1,37194,0.28142017126083374
289,2,35170,0.2768634259700775
289,3,37516,0.2703251838684082
289,4,37103,0.2698463201522827
289,5,37095,0.2629581689834595
289,6,37513,0.2616429328918457
289,7,36336,0.26139742136001587
289,8,36135,0.2612221837043762
289,9,36268,0.25481414794921875
289,10,37112,0.25373536348342896
294,1,35414,0.25497424602508545
294,2,37129,0.25336310267448425
294,3,37262,0.2514364421367645
294,4,37461,0.25017648935317993
294,5,37744,0.24527162313461304
294,6,37861,0.24497972428798676
294,7,35353,0.24284356832504272
294,8,38048,0.2411913126707077
294,9,37575,0.24098163843154907
294,10,35381,0.24028895795345306
299,1,36607,0.23253761231899261
299,2,37415,0.23151741921901703
299,3,37293,0.22681419551372528
299,4,37279,0.2239331156015396
299,5,37531,0.2215890735387802
299,6,35244,0.21693642437458038
299,7,37487,0.2142494022846222
299,8,37461,0.21325847506523132
299,9,36824,0.21275603771209717
299,10,36097,0.21268418431282043
300,1,37279,0.25953060388565063
300,2,37461,0.2577037811279297
300,3,37346,0.25370925664901733
300,4,37194,0.2534666657447815
300,5,37487,0.2531812787055969
300,6,37281,0.25095927715301514
300,7,37803,0.24896040558815002
300,8,37262,0.24863101541996002
300,9,35414,0.24756653606891632
300,10,35166,0.24632865190505981
319,1,37487,0.24193060398101807
319,2,37129,0.2411874234676361
319,3,37828,0.23936313390731812
319,4,37279,0.2379060834646225
319,5,35166,0.23564904928207397
319,6,37126,0.23413580656051636
319,7,35353,0.23346620798110962
319,8,34834,0.23216885328292847
319,9,35414,0.23147103190422058
319,10,34951,0.23130813241004944
320,1,34317,0.223985493183136
320,2,34951,0.22297877073287964
320,3,35488,0.22139522433280945
320,4,34834,0.21383360028266907
320,5,37874,0.2128215730190277
320,6,36804,0.2128143608570099
320,7,36336,0.21164363622665405
320,8,37487,0.2107132375240326
320,9,35285,0.20762859284877777
320,10,35544,0.20635046064853668
321,1,35236,0.24563109874725342
321,2,37091,0.24217122793197632
321,3,35550,0.24199052155017853
321,4,37194,0.24187834560871124
321,5,34411,0.24142318964004517
321,6,34519,0.24067538976669312
321,7,35547,0.23752519488334656
321,8,35844,0.23413577675819397
321,9,36112,0.23270127177238464
321,10,36880,0.23035849630832672
322,1,37194,0.2533571124076843
322,2,37279,0.2522313892841339
322,3,37262,0.25145813822746277
322,4,37461,0.24763526022434235
322,5,37281,0.2463400661945343
322,6,36598,0.24608419835567474
322,7,37346,0.24518156051635742
322,8,37116,0.24400979280471802
322,9,37803,0.24394413828849792
322,10,37828,0.24367333948612213
323,1,35414,0.26106977462768555
323,2,37128,0.2438284456729889
323,3,36097,0.24348556995391846
323,4,37129,0.2397962510585785
323,5,37279,0.23952500522136688
323,6,37861,0.23894816637039185
323,7,37461,0.23693281412124634
323,8,37194,0.2348085641860962
323,9,37132,0.23476240038871765
323,10,37744,0.23382195830345154
324,1,37279,0.2322005331516266
324,2,37415,0.22656016051769257
324,3,35488,0.2260207086801529
324,4,34834,0.22447623312473297
324,5,37487,0.2228238880634308
324,6,37375,0.22153007984161377
324,7,33467,0.22098593413829803
324,8,35244,0.21969744563102722
324,9,36370,0.21857652068138123
324,10,37531,0.2185327708721161
331,1,35244,0.25185808539390564
331,2,37293,0.24859103560447693
331,3,37279,0.24628515541553497
331,4,36607,0.24492356181144714
331,5,34834,0.24068671464920044
331,6,37487,0.23945164680480957
331,7,37415,0.23912271857261658
331,8,35166,0.23332056403160095
331,9,37531,0.23300138115882874
331,10,37098,0.22959838807582855
337,1,37415,0.24705448746681213
337,2,35885,0.23253405094146729
337,3,36376,0.23205222189426422
337,4,37115,0.2305040955543518
337,5,36097,0.23031657934188843
337,6,36153,0.22873926162719727
337,7,37085,0.2281135618686676
337,8,35170,0.22705669701099396
337,9,36459,0.225711852312088
337,10,35488,0.2253945767879486
342,1,36097,0.2452223002910614
342,2,36444,0.2388591319322586
342,3,34694,0.23485296964645386
342,4,36387,0.22264495491981506
342,5,37861,0.22061021625995636
342,6,37765,0.21993684768676758
342,7,37262,0.21933940052986145
342,8,37115,0.21806490421295166
342,9,38049,0.21698077023029327
342,10,37356,0.21427246928215027
343,1,37513,0.2549285292625427
343,2,37194,0.2483883947134018
343,3,36027,0.24356171488761902
343,4,37116,0.24255293607711792
343,5,35547,0.24140027165412903
343,6,36097,0.23904146254062653
343,7,36511,0.23766285181045532
343,8,37672,0.23674197494983673
343,9,35236,0.23627734184265137
343,10,37132,0.23624584078788757
346,1,34828,0.2519184947013855
346,2,34635,0.24790379405021667
346,3,37194,0.24202102422714233
346,4,37132,0.23935547471046448
346,5,35005,0.23725160956382751
346,6,35170,0.23641900718212128
346,7,37513,0.23518136143684387
346,8,36217,0.2333361804485321
346,9,34826,0.23237332701683044
346,10,33468,0.23084215819835663
347,1,35506,0.23202946782112122
347,2,35381,0.22806212306022644
347,3,34834,0.2191440761089325
347,4,35353,0.2189292460680008
347,5,37828,0.21739335358142853
347,6,33467,0.21285247802734375
347,7,35411,0.2116183638572693
347,8,35166,0.2106744945049286
347,9,37733,0.21016672253608704
347,10,34673,0.20993414521217346
348,1,34976,0.23245878517627716
348,2,34764,0.23181836307048798
348,3,35007,0.2279943823814392
348,4,35079,0.22518154978752136
348,5,34552,0.22093452513217926
348,6,35431,0.21833452582359314
348,7,35238,0.2173393815755844
348,8,34528,0.21716764569282532
348,9,34916,0.2158181071281433
348,10,34539,0.21514499187469482
354,1,35547,0.2562229037284851
354,2,37194,0.24456030130386353
354,3,35989,0.24120518565177917
354,4,37513,0.23737043142318726
354,5,36097,0.23405438661575317
354,6,36511,0.23383772373199463
354,7,36054,0.23269198834896088
354,8,37132,0.23110637068748474
354,9,36150,0.2308727651834488
354,10,37207,0.22609654068946838
355,1,37279,0.2515561282634735
355,2,35414,0.2500544786453247
355,3,37461,0.2477441281080246
355,4,37194,0.24356868863105774
355,5,36097,0.24181535840034485
355,6,37155,0.24061067402362823
355,7,37262,0.2389683872461319
355,8,37128,0.23857679963111877
355,9,37744,0.23636683821678162
355,10,36504,0.23566465079784393
356,1,35238,0.23535721004009247
356,2,34654,0.23404662311077118
356,3,35285,0.2321593165397644
356,4,37672,0.23206689953804016
356,5,35236,0.23188157379627228
356,6,36535,0.2316681295633316
356,7,37373,0.23158136010169983
356,8,34411,0.2305080145597458
356,9,34918,0.2281765639781952
356,10,35020,0.22598445415496826
357,1,37194,0.26253318786621094
357,2,37513,0.26015231013298035
357,3,36097,0.2496034801006317
357,4,37116,0.24418966472148895
357,5,36511,0.24180707335472107
357,6,36027,0.24113869667053223
357,7,37132,0.24098363518714905
357,8,35989,0.23929017782211304
357,9,37178,0.2390778362751007
357,10,36135,0.237821564078331
360,1,35005,0.2264546900987625
360,2,35940,0.2248290330171585
360,3,35537,0.22276750206947327
360,4,35584,0.22076505422592163
360,5,34764,0.21295860409736633
360,6,36048,0.21190305054187775
360,7,35550,0.21145224571228027
360,8,35989,0.21011844277381897
360,9,36619,0.2099754512310028
360,10,37406,0.20980654656887054
370,1,34694,0.23256900906562805
370,2,35278,0.21307170391082764
370,3,37453,0.20969268679618835
370,4,35703,0.20515000820159912
370,5,37113,0.20436806976795197
370,6,37175,0.20321205258369446
370,7,34554,0.20182807743549347
370,8,35097,0.20014944672584534
370,9,33468,0.1980360746383667
370,10,35134,0.19775715470314026
371,1,33467,0.21699970960617065
371,2,35312,0.21601706743240356
371,3,37513,0.2145175039768219
371,4,34951,0.21233028173446655
371,5,36097,0.20996597409248352
371,6,37178,0.20993173122406006
371,7,37126,0.20940861105918884
371,8,35305,0.20913279056549072
371,9,37284,0.20807373523712158
371,10,37279,0.20766550302505493
372,1,37487,0.2339680790901184
372,2,37531,0.2337106168270111
372,3,36607,0.23312444984912872
372,4,36985,0.23172792792320251
372,5,33489,0.22986245155334473
372,6,36927,0.22974556684494019
372,7,37828,0.22754722833633423
372,8,36151,0.226618230342865
372,9,37461,0.22644953429698944
372,10,36521,0.22590771317481995
376,1,35547,0.24051225185394287
376,2,35236,0.23150907456874847
376,3,35989,0.23136311769485474
376,4,37194,0.2298189401626587
376,5,36027,0.22915276885032654
376,6,37132,0.22781524062156677
376,7,36097,0.22726589441299438
376,8,35005,0.2270590364933014
376,9,36511,0.2235361486673355
376,10,35942,0.22280271351337433
380,1,35257,0.23250874876976013
380,2,35236,0.23051628470420837
380,3,34411,0.22989873588085175
380,4,34978,0.22216792404651642
380,5,35238,0.22186210751533508
380,6,34678,0.22148242592811584
380,7,35358,0.21817821264266968
380,8,37371,0.21714240312576294
380,9,37672,0.21672242879867554
380,10,35020,0.21448372304439545
381,1,34542,0.24089528620243073
381,2,35005,0.23027372360229492
381,3,35903,0.2218080759048462
381,4,34246,0.21890944242477417
381,5,37343,0.2167808711528778
381,6,34557,0.2153034210205078
381,7,35952,0.21342387795448303
381,8,35599,0.20832467079162598
381,9,34947,0.20717094838619232
381,10,35367,0.20660534501075745
383,1,37103,0.2296450138092041
383,2,35312,0.22467198967933655
383,3,36823,0.22186270356178284
383,4,37207,0.2200826108455658
383,5,33467,0.21992865204811096
383,6,35976,0.21846279501914978
383,7,36250,0.21681749820709229
383,8,36336,0.21664857864379883
383,9,36938,0.21622860431671143
383,10,37284,0.21075254678726196
386,1,36097,0.23826298117637634
386,2,35236,0.22805321216583252
386,3,37487,0.22722384333610535
386,4,37461,0.2255229502916336
386,5,37281,0.2251955270767212
386,6,36135,0.22514840960502625
386,7,37194,0.22498470544815063
386,8,38048,0.2241164892911911
386,9,37279,0.22389575839042664
386,10,37861,0.22383548319339752
387,1,34481,0.2221463918685913
387,2,38044,0.2214004546403885
387,3,35550,0.21540772914886475
387,4,35547,0.21261286735534668
387,5,36178,0.21195706725120544
387,6,34381,0.21122248470783234
387,7,35844,0.21089312434196472
387,8,36982,0.2094738483428955
387,9,34043,0.20941834151744843
387,10,34449,0.20902374386787415
389,1,37129,0.2277904748916626
389,2,35381,0.2192833125591278
389,3,37828,0.21887430548667908
389,4,37672,0.21778051555156708
389,5,37487,0.21648633480072021
389,6,37744,0.2154795527458191
389,7,37183,0.21521992981433868
389,8,35353,0.2129809558391571
389,9,37281,0.21275022625923157
389,10,34976,0.21270008385181427
390,1,34834,0.2362672984600067
390,2,37415,0.23598739504814148
390,3,37279,0.23396797478199005
390,4,37293,0.22995135188102722
390,5,37513,0.22796693444252014
390,6,37487,0.22470203042030334
390,7,35244,0.22397127747535706
390,8,36336,0.22137194871902466
390,9,37375,0.2205401360988617
390,10,35166,0.21949580311775208
397,1,36027,0.2578434348106384
397,2,35285,0.2508264183998108
397,3,37194,0.24935729801654816
397,4,35236,0.2452704906463623
397,5,37116,0.24513709545135498
397,6,36535,0.24338755011558533
397,7,37513,0.24310171604156494
397,8,37335,0.24070106446743011
397,9,35021,0.23947852849960327
397,10,34102,0.2387312352657318
399,1,36336,0.23790192604064941
399,2,37415,0.23433777689933777
399,3,35381,0.22935521602630615
399,4,37279,0.2248656451702118
399,5,37828,0.2198377251625061
399,6,37294,0.2195339798927307
399,7,37513,0.21774980425834656
399,8,37487,0.21763703227043152
399,9,37112,0.21652695536613464
399,10,37116,0.21583080291748047
403,1,36097,0.2428385466337204
403,2,37194,0.23715870082378387
403,3,37279,0.23289349675178528
403,4,35381,0.22897140681743622
403,5,35414,0.22726306319236755
403,6,37376,0.22715991735458374
403,7,37178,0.22675569355487823
403,8,37744,0.226725772023201
403,9,36376,0.22611366212368011
403,10,37513,0.22504594922065735
404,1,34673,0.20920413732528687
404,2,37828,0.20767579972743988
404,3,35506,0.20594818890094757
404,4,37487,0.2059171497821808
404,5,34834,0.20123010873794556
404,6,37285,0.19756290316581726
404,7,34509,0.1974257379770279
404,8,37294,0.19716307520866394
404,9,35305,0.1950027346611023
404,10,37691,0.19476565718650818
405,1,35547,0.2598133683204651
405,2,35989,0.23610171675682068
405,3,37194,0.2306232899427414
405,4,35358,0.2299378514289856
405,5,37132,0.22729630768299103
405,6,37911,0.22531035542488098
405,7,37112,0.22481490671634674
405,8,37854,0.22373980283737183
405,9,34689,0.22283115983009338
405,10,35236,0.22257447242736816
409,1,37513,0.247858464717865
409,2,34826,0.23695725202560425
409,3,36150,0.23569998145103455
409,4,34635,0.23563332855701447
409,5,36097,0.2352377474308014
409,6,36149,0.23222696781158447
409,7,36250,0.23201489448547363
409,8,35537,0.22909802198410034
409,9,35005,0.22881057858467102
409,10,36321,0.22780786454677582
