annot_id,text_vi,original_en,reviewed_en,status,reviewer,notes
1,Nam sinh tóc đen mặc quần đen áo đen đeo balo (cặp) đi tất trắng đi dép đen,Black - haired male wearing black pants black blazer black backpack white socks black slippers,"A male student with black hair, wearing a black shirt and black pants, carrying a black backpack, and wearing white socks and black sandals.",corrected,Codex; not a human sign-off,"Compared Vietnamese source to English; gender, colors, clothing, accessories and actions retained. Grammar standardized; no retrieval scores used."
2,"Nữ sinh tóc dài đen mặc áo hoodie trắng, quần kẻ caro đen trắng đeo balo đen đi dép đen","Black - haired girl wearing a white hoodie, black and white checks, black backpack and black slippers.","A female student with long black hair, wearing a white hoodie, black-and-white plaid pants, a black backpack, and black sandals.",corrected,Codex; not a human sign-off,"Compared Vietnamese source to English; gender, colors, clothing, accessories and actions retained. Grammar standardized; no retrieval scores used."
18,nam sinh mặc áo phông màu xanh dương quần đen,male student wearing blue T-shirt black pants,A male student wearing a blue T-shirt and black pants.,reviewed,Codex; not a human sign-off,"Compared Vietnamese source to English; gender, colors, clothing, accessories and actions retained. Grammar standardized; no retrieval scores used."
61,"nữ sinh mặc áo phao màu trắng tóc dài thắt bím màu đen, mặc quần màu xám trắng, đeo túi xách màu xám","She's wearing a white life vest, long hair, black braids, gray and white pants, gray handbags.","A female student with long black hair in a braid, wearing a white puffer jacket and grayish-white pants, carrying a gray handbag.",corrected,Codex; not a human sign-off,"Compared Vietnamese source to English; gender, colors, clothing, accessories and actions retained. Grammar standardized; no retrieval scores used. White puffer jacket meaning checked against highest-quality target crop; original life vest translation corrected."
64,nam sinh mặc áo màu đen quần đen tóc màu đen,black shirt black pants black hair,"A male student with black hair, wearing a black shirt and black pants.",reviewed,Codex; not a human sign-off,"Compared Vietnamese source to English; gender, colors, clothing, accessories and actions retained. Grammar standardized; no retrieval scores used."
119,nữ sinh tóc dài màu đen mặc áo hoodie màu đen đeo balo màu hồng,"Black schoolgirl with long hair, black hoodie, pink backpack.","A female student with long black hair, wearing a black hoodie and a pink backpack.",corrected,Codex; not a human sign-off,"Compared Vietnamese source to English; gender, colors, clothing, accessories and actions retained. Grammar standardized; no retrieval scores used."
139,nam sinh mặc áo đen quần màu trắng ngồi ghế đá,male student in black and white pants sitting on a bench,"A male student wearing a black shirt and white pants, sitting on a stone bench.",corrected,Codex; not a human sign-off,"Compared Vietnamese source to English; gender, colors, clothing, accessories and actions retained. Grammar standardized; no retrieval scores used."
158,Nam sinh mặc áo đen quần trắng đang ngồi ở ghế đá,Men in black and white are sitting on a bench.,"A male student wearing a black shirt and white pants, sitting on a stone bench.",corrected,Codex; not a human sign-off,"Compared Vietnamese source to English; gender, colors, clothing, accessories and actions retained. Grammar standardized; no retrieval scores used."
178,nam sinh mặc áo đen đeo balo màu hồng nhạt ngồi ở ghế đá,A male student in a black blazer and light pink backpack sitting on a bench.,"A male student wearing a black shirt and a light pink backpack, sitting on a stone bench.",corrected,Codex; not a human sign-off,"Compared Vietnamese source to English; gender, colors, clothing, accessories and actions retained. Grammar standardized; no retrieval scores used."
179,nữ sinh mặc áo màu hồng che ô màu vàng,a girl wearing a pink umbrella with a yellow umbrella,A female student wearing a pink shirt and holding a yellow umbrella.,corrected,Codex; not a human sign-off,"Compared Vietnamese source to English; gender, colors, clothing, accessories and actions retained. Grammar standardized; no retrieval scores used."
180,nữ sinh mặc áo màu hồng che ô màu vàng,a girl wearing a pink umbrella with a yellow umbrella,A female student wearing a pink shirt and holding a yellow umbrella.,corrected,Codex; not a human sign-off,"Compared Vietnamese source to English; gender, colors, clothing, accessories and actions retained. Grammar standardized; no retrieval scores used."
181,nữ sinh mặc áo màu hồng che ô màu vàng,a girl wearing a pink umbrella with a yellow umbrella,A female student wearing a pink shirt and holding a yellow umbrella.,corrected,Codex; not a human sign-off,"Compared Vietnamese source to English; gender, colors, clothing, accessories and actions retained. Grammar standardized; no retrieval scores used."
182,nữ sinh mặc áo màu hồng che ô màu vàng đứng bên cạnh 1 bạn nữ mặc áo phông đen quần trắng,A girl in a pink umbrella with a yellow umbrella standing next to a girl in a black T-shirt and white pants.,"A female student wearing a pink shirt and holding a yellow umbrella, standing next to a female student in a black T-shirt and white pants.",corrected,Codex; not a human sign-off,"Compared Vietnamese source to English; gender, colors, clothing, accessories and actions retained. Grammar standardized; no retrieval scores used."
198,nam sinh mặc áo khoác màu đen có họa tiết sọc trắng quần màu trắng đeo khẩu trang màu trắng tóc màu đen,male student wearing black jacket with white striped pattern white pants wearing white mask black hair,"A male student with black hair, wearing a black jacket with white stripes, white pants, and a white face mask.",reviewed,Codex; not a human sign-off,"Compared Vietnamese source to English; gender, colors, clothing, accessories and actions retained. Grammar standardized; no retrieval scores used."
201,"nữ sinh mặc áo màu hồng nhạt hoặc hồng phấn, quần màu xám tóc màu đen","schoolgirls in pale pink or powdered pink, gray pants, black hair","A female student with black hair, wearing a pale pink or blush pink shirt and gray pants.",reviewed,Codex; not a human sign-off,"Compared Vietnamese source to English; gender, colors, clothing, accessories and actions retained. Grammar standardized; no retrieval scores used."
202,nữ sinh mặc áo màu đen tóc màu đen đeo balo màu be quần màu trắng,Black shirt black hair beige backpack white pants,"A female student with black hair, wearing a black shirt, white pants, and a beige backpack.",reviewed,Codex; not a human sign-off,"Compared Vietnamese source to English; gender, colors, clothing, accessories and actions retained. Grammar standardized; no retrieval scores used."
232,"nam sinh mặc áo đen, quần đen đi giày màu đen được ghi hình trong điều kiện trời tối","Male students in black shirt, black pants and black shoes recorded in dark conditions","A male student wearing a black shirt, black pants, and black shoes, recorded in dark lighting conditions.",reviewed,Codex; not a human sign-off,"Compared Vietnamese source to English; gender, colors, clothing, accessories and actions retained. Grammar standardized; no retrieval scores used."
236,nữ sinh mặc áo màu đen quần màu xanh dương nhạt tóc màu đen,Black shirt light blue pants black hair,"A female student with black hair, wearing a black shirt and light blue pants.",reviewed,Codex; not a human sign-off,"Compared Vietnamese source to English; gender, colors, clothing, accessories and actions retained. Grammar standardized; no retrieval scores used."
240,"nữ sinh tóc đen búi cao mặc áo dài tay màu đỏ đeo balo màu đen, quần jean màu xanh tay cầm điện thoại","Black-haired girl in a high bun, red sweater, black backpack, blue jeans, phone in hand","A female student with black hair in a high bun, wearing a red long-sleeved shirt, blue jeans, and a black backpack, holding a phone.",corrected,Codex; not a human sign-off,"Compared Vietnamese source to English; gender, colors, clothing, accessories and actions retained. Grammar standardized; no retrieval scores used."
242,"nam sinh tóc màu đen, mặc áo khoắc màu be, quần màu đen","Black - haired, beige blouse, black pants.","A male student with black hair, wearing a beige jacket and black pants.",corrected,Codex; not a human sign-off,"Compared Vietnamese source to English; gender, colors, clothing, accessories and actions retained. Grammar standardized; no retrieval scores used."
243,"nữ sinh mặc áo màu trắng dài tay, quần màu xám, đi dép màu trắng tóc dài màu đen","She's wearing a long - sleeved white shirt, gray pants, white sandals, long black hair.","A female student with long black hair, wearing a white long-sleeved shirt, gray pants, and white sandals.",reviewed,Codex; not a human sign-off,"Compared Vietnamese source to English; gender, colors, clothing, accessories and actions retained. Grammar standardized; no retrieval scores used."
245,"nữ sinh tóc dài màu đen, mặc áo màu trắng dài tay, đeo balo màu đen, quần màu đen, giày màu trắng","Black-haired girl, long-sleeved white shirt, black backpack, black pants, white shoes.","A female student with long black hair, wearing a white long-sleeved shirt, black pants, white shoes, and a black backpack.",reviewed,Codex; not a human sign-off,"Compared Vietnamese source to English; gender, colors, clothing, accessories and actions retained. Grammar standardized; no retrieval scores used."
251,"nữ sinh tóc màu đen, mặc áo dài tay màu xanh than, quần màu trắng, đeo balo màu đen","Black - haired schoolgirl, charcoal blue long - sleeved shirt, white pants, black backpack...","A female student with black hair, wearing a navy blue long-sleeved shirt, white pants, and a black backpack.",corrected,Codex; not a human sign-off,"Compared Vietnamese source to English; gender, colors, clothing, accessories and actions retained. Grammar standardized; no retrieval scores used."
256,"nam sinh tóc màu đen, đeo khẩu trang màu đen, áo màu vàng, quần màu đen","black-haired, black masked, yellow shirt, black pants.","A male student with black hair, wearing a black face mask, a yellow shirt, and black pants.",reviewed,Codex; not a human sign-off,"Compared Vietnamese source to English; gender, colors, clothing, accessories and actions retained. Grammar standardized; no retrieval scores used."
265,"nam sinh mặc áo khoác màu trắng tóc đen, đeo balo màu đen, quần màu đen","white coat, black hair, black backpack, black pants.","A male student with black hair, wearing a white jacket, black pants, and a black backpack.",reviewed,Codex; not a human sign-off,"Compared Vietnamese source to English; gender, colors, clothing, accessories and actions retained. Grammar standardized; no retrieval scores used."
267,"nữ sinh tóc màu đen, mặc áo màu xám ngắn tay, quần màu đen, tay cầm điện thoại màu trắng","Black-haired girl, short-sleeved gray shirt, black pants, white mobile phone.","A female student with black hair, wearing a gray short-sleeved shirt and black pants, holding a white phone.",reviewed,Codex; not a human sign-off,"Compared Vietnamese source to English; gender, colors, clothing, accessories and actions retained. Grammar standardized; no retrieval scores used."
268,"nam sinh tóc ngắn màu đen, áo màu đen, quần màu đen, xách balo trên tay màu đen","black short hair, black shirt, black pants, black backpack.","A male student with short black hair, wearing a black shirt and black pants, holding a black backpack in his hand.",corrected,Codex; not a human sign-off,"Compared Vietnamese source to English; gender, colors, clothing, accessories and actions retained. Grammar standardized; no retrieval scores used."
271,"nữ sinh tóc dài màu đen, mặc áo phao màu trắng, quần jean màu xanh cầm túi màu hồng","Black-haired girl, white life vest, blue jeans, pink purse.","A female student with long black hair, wearing a white puffer jacket and blue jeans, holding a pink bag.",corrected,Codex; not a human sign-off,"Compared Vietnamese source to English; gender, colors, clothing, accessories and actions retained. Grammar standardized; no retrieval scores used. White puffer jacket meaning checked against highest-quality target crop; original life vest translation corrected."
273,"nữ sinh mặc áo màu xám đeo balo màu đen, mặc quần kẻ karo màu đen, giày màu trắng, tóc màu đen","She's wearing a gray shirt, a black backpack, black karo pants, white shoes, black hair.","A female student with black hair, wearing a gray shirt, black plaid pants, white shoes, and a black backpack.",corrected,Codex; not a human sign-off,"Compared Vietnamese source to English; gender, colors, clothing, accessories and actions retained. Grammar standardized; no retrieval scores used."
274,"nam sinh tóc màu đen, áo khoác màu xám trắng, áo phông mặc trong màu đen, quần màu vàng dép màu đen","black-haired, gray-and-white jacket, black undershirt, yellow pants, black sandals.","A male student with black hair, wearing a grayish-white jacket over a black T-shirt, yellow pants, and black sandals.",corrected,Codex; not a human sign-off,"Compared Vietnamese source to English; gender, colors, clothing, accessories and actions retained. Grammar standardized; no retrieval scores used."
275,"nữ sinh mặc áo khoác màu trắng quần màu đen tóc dài màu đen, đi giày màu trắng","She's wearing a white coat, black pants, long black hair, white shoes.","A female student with long black hair, wearing a white jacket, black pants, and white shoes.",reviewed,Codex; not a human sign-off,"Compared Vietnamese source to English; gender, colors, clothing, accessories and actions retained. Grammar standardized; no retrieval scores used."
278,"nữ sinh mặc áo sơ mi dài màu trắng quần màu đen, dép màu trắng","She's wearing a long white shirt, black pants, white sandals.","A female student wearing a long white button-up shirt, black pants, and white sandals.",corrected,Codex; not a human sign-off,"Compared Vietnamese source to English; gender, colors, clothing, accessories and actions retained. Grammar standardized; no retrieval scores used."
282,"nữ sinh mặc áo màu xám, quần màu xám đội mũ trùm đầu màu xám","Grey shirt, grey pants, grey hoodie.","A female student wearing a gray shirt, gray pants, and a gray hood over her head.",reviewed,Codex; not a human sign-off,"Compared Vietnamese source to English; gender, colors, clothing, accessories and actions retained. Grammar standardized; no retrieval scores used."
284,"nam sinh mặc áo màu đen quần màu đen, đi dép màu đen","Black shirt, black pants, black sandals","A male student wearing a black shirt, black pants, and black sandals.",reviewed,Codex; not a human sign-off,"Compared Vietnamese source to English; gender, colors, clothing, accessories and actions retained. Grammar standardized; no retrieval scores used."
285,"nam sinh tóc màu đen, áo màu đen, quần màu đen, đeo balo màu đen","Black-haired, black shirt, black pants, black backpack...","A male student with black hair, wearing a black shirt, black pants, and a black backpack.",reviewed,Codex; not a human sign-off,"Compared Vietnamese source to English; gender, colors, clothing, accessories and actions retained. Grammar standardized; no retrieval scores used."
287,"nam sinh tóc màu đen, mặc áo màu xám, quần jean màu xanh nhạt, đeo balo màu đen, cầm điện thoại","Black-haired, gray shirt, light blue jeans, black backpack, phone...","A male student with black hair, wearing a gray shirt, light blue jeans, and a black backpack, holding a phone.",reviewed,Codex; not a human sign-off,"Compared Vietnamese source to English; gender, colors, clothing, accessories and actions retained. Grammar standardized; no retrieval scores used."
288,"nữ sinh tóc dài màu đen mặc áo màu đen, quần màu đen đeo balo màu vàng, đeo khăn màu trắng","Black-haired girl, black shirt, black pants, yellow backpack, white scarf.","A female student with long black hair, wearing a black shirt, black pants, a yellow backpack, and a white scarf.",corrected,Codex; not a human sign-off,"Compared Vietnamese source to English; gender, colors, clothing, accessories and actions retained. Grammar standardized; no retrieval scores used."
289,"nam sinh đội mũ trùm màu trắng mặc áo màu đen quần jean màu đen, đeo balo màu đen, tay cầm điện thoại","The male wearing a white hood, a black shirt, black jeans, a black backpack, and a cell phone.","A male student wearing a white hood over his head, a black shirt, black jeans, and a black backpack, holding a phone.",reviewed,Codex; not a human sign-off,"Compared Vietnamese source to English; gender, colors, clothing, accessories and actions retained. Grammar standardized; no retrieval scores used."
294,"nữ sinh tóc dài màu đen mặc áo màu đen, quần màu trắng, đi dép màu đen","Black long - haired girl wearing black shirt, white pants, black sandals","A female student with long black hair, wearing a black shirt, white pants, and black sandals.",reviewed,Codex; not a human sign-off,"Compared Vietnamese source to English; gender, colors, clothing, accessories and actions retained. Grammar standardized; no retrieval scores used."
299,"nữ sinh tóc màu nâu, áo màu trắng quần màu đen, đeo túi màu đen, xách túi màu vàng","brown-haired girl, white shirt, black pants, black bag, yellow bag.","A female student with brown hair, wearing a white shirt and black pants, carrying a black bag and holding a yellow bag.",corrected,Codex; not a human sign-off,"Compared Vietnamese source to English; gender, colors, clothing, accessories and actions retained. Grammar standardized; no retrieval scores used."
300,"Nữ sinh tóc dài màu đen, áo màu đen quần màu trắng đeo balo màu trắng","Black schoolgirl, black shirt, white pants, white backpack.","A female student with long black hair, wearing a black shirt, white pants, and a white backpack.",corrected,Codex; not a human sign-off,"Compared Vietnamese source to English; gender, colors, clothing, accessories and actions retained. Grammar standardized; no retrieval scores used."
319,"nữ sinh tóc dài màu đen, mặc áo màu trắng, quần màu đen, đi dép màu vàng đeo túi màu xanh dương","Black-haired girl, white shirt, black pants, yellow sandals, blue purse.","A female student with long black hair, wearing a white shirt, black pants, and yellow sandals, carrying a blue bag.",corrected,Codex; not a human sign-off,"Compared Vietnamese source to English; gender, colors, clothing, accessories and actions retained. Grammar standardized; no retrieval scores used."
320,"nữ sinh mặc áo màu trắng, đội mũ đỏ, quần màu xanh, dép màu đen, đeo túi màu trắng","She's wearing a white shirt, a red hat, blue pants, black sandals, a white purse.","A female student wearing a white shirt, a red hat, blue or green pants, black sandals, and a white bag.",ambiguous_preserved,Codex; not a human sign-off,"Compared Vietnamese source to English; gender, colors, clothing, accessories and actions retained. Grammar standardized; no retrieval scores used. Vietnamese xanh does not specify blue vs green; retained both possibilities."
321,"nam sinh tóc ngắn màu đen, áo màu đen, quần màu trắng, dép màu trắng tay cầm điện thoại","black boy with short hair, black shirt, white pants, white sandals, mobile phone","A male student with short black hair, wearing a black shirt, white pants, and white sandals, holding a phone.",corrected,Codex; not a human sign-off,"Compared Vietnamese source to English; gender, colors, clothing, accessories and actions retained. Grammar standardized; no retrieval scores used."
322,"nữ sinh tóc dài màu đen, áo màu đen có phần tay màu trắng, đeo balo màu trắng, đi dép màu trắng","long black hair, black shirt with white sleeves, white backpack, white sandals.","A female student with long black hair, wearing a black shirt with white sleeves, a white backpack, and white sandals.",corrected,Codex; not a human sign-off,"Compared Vietnamese source to English; gender, colors, clothing, accessories and actions retained. Grammar standardized; no retrieval scores used."
323,"nữ sinh có tóc dài màu đen, áo màu đen, quần màu đen đeo balo màu đen, đi dép màu đen","She had long black hair, a black shirt, black pants, a black backpack, black sandals.","A female student with long black hair, wearing a black shirt, black pants, a black backpack, and black sandals.",reviewed,Codex; not a human sign-off,"Compared Vietnamese source to English; gender, colors, clothing, accessories and actions retained. Grammar standardized; no retrieval scores used."
324,"nữ sinh tóc dài màu đen, mặc áo màu be, quần màu xanh dương, đeo túi màu trắng","Black-haired girl, beige shirt, blue pants, white purse...","A female student with long black hair, wearing a beige shirt and blue pants, carrying a white bag.",reviewed,Codex; not a human sign-off,"Compared Vietnamese source to English; gender, colors, clothing, accessories and actions retained. Grammar standardized; no retrieval scores used."
331,"nữ sinh tóc dài màu đen, mặc áo ngắn tay màu trắng, đeo balo màu nâu, quần màu đen, tay cầm giấy màu trắng","Black-haired girl, white short-sleeved shirt, brown backpack, black pants, white paper handle","A female student with long black hair, wearing a white short-sleeved shirt, black pants, and a brown backpack, holding white paper.",corrected,Codex; not a human sign-off,"Compared Vietnamese source to English; gender, colors, clothing, accessories and actions retained. Grammar standardized; no retrieval scores used."
337,"nữ sinh mặc áo hoodie trùm đầu màu nâu, quần màu đen, balo màu đen, đeo khăn choàng màu vàng","She's wearing a brown hoodie, black pants, black backpack, yellow scarf.","A female student wearing a brown hoodie with the hood up, black pants, a black backpack, and a yellow scarf.",reviewed,Codex; not a human sign-off,"Compared Vietnamese source to English; gender, colors, clothing, accessories and actions retained. Grammar standardized; no retrieval scores used."
342,"nữ sinh mặc áo màu đen, tóc màu đen, khẩu trang màu trắng, quần màu xám, dép màu đen","Black shirt, black hair, white mask, grey pants, black sandals.","A female student with black hair, wearing a black shirt, a white face mask, gray pants, and black sandals.",reviewed,Codex; not a human sign-off,"Compared Vietnamese source to English; gender, colors, clothing, accessories and actions retained. Grammar standardized; no retrieval scores used."
343,"nam sinh tóc ngắn màu đen, áo màu trắng, balo màu đen, quần màu đen, dép màu trắng","Black short hair, white shirt, black backpack, black pants, white sandals","A male student with short black hair, wearing a white shirt, black pants, white sandals, and a black backpack.",reviewed,Codex; not a human sign-off,"Compared Vietnamese source to English; gender, colors, clothing, accessories and actions retained. Grammar standardized; no retrieval scores used."
346,"nam sinh tóc màu đen, áo màu đen, quần màu đen, đeo balo màu hồng","Black-haired, black shirt, black pants, pink backpack...","A male student with black hair, wearing a black shirt, black pants, and a pink backpack.",reviewed,Codex; not a human sign-off,"Compared Vietnamese source to English; gender, colors, clothing, accessories and actions retained. Grammar standardized; no retrieval scores used."
347,"nữ sinh tóc dài màu đen, áo màu xám, quần màu xanh dương dép màu trắng","long black hair, gray shirt, blue pants, white sandals","A female student with long black hair, wearing a gray shirt, blue pants, and white sandals.",reviewed,Codex; not a human sign-off,"Compared Vietnamese source to English; gender, colors, clothing, accessories and actions retained. Grammar standardized; no retrieval scores used."
348,"nam sinh mặc áo ngắn tay màu xám, quần đùi màu đen, tóc ngắn màu đen","male student wearing gray short sleeves, black shorts, short black hair","A male student with short black hair, wearing a gray short-sleeved shirt and black shorts.",reviewed,Codex; not a human sign-off,"Compared Vietnamese source to English; gender, colors, clothing, accessories and actions retained. Grammar standardized; no retrieval scores used."
354,"nam sinh tóc ngắn màu đen, áo màu đen có sọc tay áo màu trắng, quần màu đen, giày màu đen, đeo balo màu đen","black boy with short hair, black shirt with white sleeves, black pants, black shoes, black backpack","A male student with short black hair, wearing a black shirt with white stripes on the sleeves, black pants, black shoes, and a black backpack.",corrected,Codex; not a human sign-off,"Compared Vietnamese source to English; gender, colors, clothing, accessories and actions retained. Grammar standardized; no retrieval scores used."
355,"nữ sinh tóc dài màu đen, áo màu đen, quần màu đen, dép màu đen, đeo balo màu đen trắng, xách túi đồ ăn","Black-haired girl, black shirt, black pants, black sandals, black-and-white backpack, lunch bag.","A female student with long black hair, wearing a black shirt, black pants, black sandals, and a black-and-white backpack, holding a bag of food.",reviewed,Codex; not a human sign-off,"Compared Vietnamese source to English; gender, colors, clothing, accessories and actions retained. Grammar standardized; no retrieval scores used."
356,"nam sinh tóc ngắn màu đen, áo màu trắng, quần màu trắng đi dép màu trắng","black male with short hair, white shirt, white pants and white sandals","A male student with short black hair, wearing a white shirt, white pants, and white sandals.",corrected,Codex; not a human sign-off,"Compared Vietnamese source to English; gender, colors, clothing, accessories and actions retained. Grammar standardized; no retrieval scores used."
357,"nam sinh mặc áo màu đen có phần tay áo màu trắng, tóc màu đen, quần màu đen, giày màu trắng đeo balo màu đen","black shirt with white sleeves, black hair, black pants, white shoes, black backpack.","A male student with black hair, wearing a black shirt with white sleeves, black pants, white shoes, and a black backpack.",reviewed,Codex; not a human sign-off,"Compared Vietnamese source to English; gender, colors, clothing, accessories and actions retained. Grammar standardized; no retrieval scores used."
360,"nam sinh tóc ngắn màu đen áo màu đen, quần màu đen giày màu đen","black short hair black shirt, black pants black shoes","A male student with short black hair, wearing a black shirt, black pants, and black shoes.",reviewed,Codex; not a human sign-off,"Compared Vietnamese source to English; gender, colors, clothing, accessories and actions retained. Grammar standardized; no retrieval scores used."
370,nữ tóc màu đen mặc áo dài màu hồng tay cầm điện thoại,Black - haired woman in a pink dress with a phone in her hand,"A woman with black hair, wearing a pink ao dai, holding a phone.",corrected,Codex; not a human sign-off,"Compared Vietnamese source to English; gender, colors, clothing, accessories and actions retained. Grammar standardized; no retrieval scores used. Ao dai retained as Vietnamese garment; checked target crop."
371,"nữ mặc áo màu xanh, quần màu đen giày màu đen đeo balo màu trắng","Woman in blue shirt, black pants black shoes white backpack","A woman wearing a blue or green shirt, black pants, black shoes, and a white backpack.",ambiguous_preserved,Codex; not a human sign-off,"Compared Vietnamese source to English; gender, colors, clothing, accessories and actions retained. Grammar standardized; no retrieval scores used. Vietnamese xanh does not specify blue vs green; retained both possibilities."
372,"nữ tóc màu đen, áo màu trắng quần màu đen dép màu trắng xách túi nước màu vàng","female black hair, white shirt black trousers white slippers yellow water bag","A woman with black hair, wearing a white shirt, black pants, and white sandals, holding a yellow bag containing drinks.",corrected,Codex; not a human sign-off,"Compared Vietnamese source to English; gender, colors, clothing, accessories and actions retained. Grammar standardized; no retrieval scores used."
376,"nam tóc ngắn màu đen, áo màu trắng quần màu đen, dép màu đen đeo balo màu đen","black short hair, white shirt black pants, black sandals black backpack","A man with short black hair, wearing a white shirt, black pants, black sandals, and a black backpack.",reviewed,Codex; not a human sign-off,"Compared Vietnamese source to English; gender, colors, clothing, accessories and actions retained. Grammar standardized; no retrieval scores used."
380,nam mặc áo sơ mi màu trắng quần màu đen dép màu đen che ô màu đen,male wearing white shirt black pants black black umbrella flip - flops,"A man wearing a white button-up shirt, black pants, and black sandals, holding a black umbrella.",reviewed,Codex; not a human sign-off,"Compared Vietnamese source to English; gender, colors, clothing, accessories and actions retained. Grammar standardized; no retrieval scores used."
381,"nam mặc áo phông ngắn tay màu đỏ, tóc ngắn màu đen đeo kính, quần màu đen, dép màu đen","Men wearing short - sleeved red T - shirts, short black hair, glasses, black pants, black sandals","A man with short black hair, wearing glasses, a red short-sleeved T-shirt, black pants, and black sandals.",reviewed,Codex; not a human sign-off,"Compared Vietnamese source to English; gender, colors, clothing, accessories and actions retained. Grammar standardized; no retrieval scores used."
383,"nam mặc áo màu xanh dương nhạt, tóc màu đen, quần jean màu xanh đậm, đeo balo màu đen","He's wearing a light blue shirt, black hair, dark blue jeans, and a black backpack.","A man with black hair, wearing a light blue shirt, dark blue jeans, and a black backpack.",reviewed,Codex; not a human sign-off,"Compared Vietnamese source to English; gender, colors, clothing, accessories and actions retained. Grammar standardized; no retrieval scores used."
386,"nữ tóc màu đen, mặc áo dài tay màu đen, quần màu trắng dép màu đen, đeo balo màu trắng","Black-haired woman, black long-sleeved shirt, white pants black sandals, white backpack","A woman with black hair, wearing a black long-sleeved shirt, white pants, black sandals, and a white backpack.",reviewed,Codex; not a human sign-off,"Compared Vietnamese source to English; gender, colors, clothing, accessories and actions retained. Grammar standardized; no retrieval scores used."
387,"nam tóc ngắn màu đen, mặc áo màu vàng dài tay, quần màu đen, dép màu đen, tay cầm điện thoại","He had short black hair, a long - sleeved yellow shirt, black pants, black sandals, and a mobile phone.","A man with short black hair, wearing a yellow long-sleeved shirt, black pants, and black sandals, holding a phone.",reviewed,Codex; not a human sign-off,"Compared Vietnamese source to English; gender, colors, clothing, accessories and actions retained. Grammar standardized; no retrieval scores used."
389,"nữ sinh tóc màu đen, áo màu trắng, quần màu xám giày màu đen","Black - haired schoolgirl, white shirt, gray pants, black shoes.","A female student with black hair, wearing a white shirt, gray pants, and black shoes.",reviewed,Codex; not a human sign-off,"Compared Vietnamese source to English; gender, colors, clothing, accessories and actions retained. Grammar standardized; no retrieval scores used."
390,"nữ sinh tóc màu đen áo màu trắng, quần màu xanh dương, đeo balo màu nâu","Black-haired girl, white shirt, blue pants, brown backpack...","A female student with black hair, wearing a white shirt, blue pants, and a brown backpack.",reviewed,Codex; not a human sign-off,"Compared Vietnamese source to English; gender, colors, clothing, accessories and actions retained. Grammar standardized; no retrieval scores used."
397,"nam sinh tóc màu đen, mặc áo màu trắng quần màu trắng đeo túi màu đen","black-haired, white shirt white pants black bag","A male student with black hair, wearing a white shirt and white pants, carrying a black bag.",reviewed,Codex; not a human sign-off,"Compared Vietnamese source to English; gender, colors, clothing, accessories and actions retained. Grammar standardized; no retrieval scores used."
399,"nữ sinh mặc áo màu trắng, tóc màu đen, quần jean màu xanh dương, đeo balo màu đen","She's wearing a white shirt, black hair, blue jeans, and a black backpack.","A female student with black hair, wearing a white shirt, blue jeans, and a black backpack.",reviewed,Codex; not a human sign-off,"Compared Vietnamese source to English; gender, colors, clothing, accessories and actions retained. Grammar standardized; no retrieval scores used."
403,"nữ sinh tóc màu đen, áo màu đen, quần màu đen, giày trắng đeo balo màu trắng","black-haired girl, black shirt, black pants, white shoes, white backpack.","A female student with black hair, wearing a black shirt, black pants, white shoes, and a white backpack.",reviewed,Codex; not a human sign-off,"Compared Vietnamese source to English; gender, colors, clothing, accessories and actions retained. Grammar standardized; no retrieval scores used."
404,"nữ sinh tóc màu đen, áo màu xanh dương có họa tiết màu trắng, quần màu trắng giày màu trắng","black schoolgirl hair, blue shirt with white pattern, white pants, white shoes","A female student with black hair, wearing a blue shirt with a white pattern, white pants, and white shoes.",corrected,Codex; not a human sign-off,"Compared Vietnamese source to English; gender, colors, clothing, accessories and actions retained. Grammar standardized; no retrieval scores used."
405,"nam tóc ngắn màu đen, áo màu trắng ống tay áo màu đen có sọc trắng đeo balo màu đen, quần màu đen","black short hair, white shirt, black sleeve, white stripes black backpack, black pants","A man with short black hair, wearing a white shirt with black sleeves with white stripes, black pants, and a black backpack.",reviewed,Codex; not a human sign-off,"Compared Vietnamese source to English; gender, colors, clothing, accessories and actions retained. Grammar standardized; no retrieval scores used."
409,"nam sinh tóc ngắn màu đen, áo màu xanh than, quần màu đen, dép màu đen, balo màu đen","Black short hair, charcoal blue shirt, black pants, black sandals, black backpack...","A male student with short black hair, wearing a navy blue shirt, black pants, black sandals, and a black backpack.",corrected,Codex; not a human sign-off,"Compared Vietnamese source to English; gender, colors, clothing, accessories and actions retained. Grammar standardized; no retrieval scores used."
