frame,err_x,err_y,yaw_rate,vx
1,-193.78118896484375,-70.3660888671875,-0.29067178344726563,0.8
2,-193.2757568359375,-71.10171508789062,-0.28991363525390623,0.8
3,-191.56130981445312,-72.18592834472656,-0.28734196472167967,0.8
4,-187.89712524414062,-73.41380310058594,-0.28184568786621095,0.8
5,-183.34432983398438,-74.94296264648438,-0.27501649475097656,0.8
6,-177.04510498046875,-75.95130920410156,-0.26556765747070316,0.8
7,-170.68161010742188,-77.01509094238281,-0.25602241516113283,0.8
8,-165.035888671875,-77.01300048828125,-0.2475538330078125,0.8
9,-160.25042724609375,-77.19087219238281,-0.24037564086914062,0.8
10,-155.95687866210938,-77.263916015625,-0.23393531799316405,0.8
11,-153.23269653320312,-78.77719116210938,-0.2298490447998047,0.8
12,-148.66473388671875,-82.61619567871094,-0.22299710083007812,0.8
13,-141.97967529296875,-88.37751770019531,-0.21296951293945313,0.8
14,-135.59542846679688,-92.24398803710938,-0.20339314270019532,0.8
15,-130.80990600585938,-94.36099243164062,-0.19621485900878907,0.8
16,-125.7169189453125,-98.16943359375,-0.18857537841796876,0.8
17,-121.3173828125,-101.44853210449219,-0.18197607421875,0.8
18,-118.0106201171875,-102.98292541503906,-0.17701593017578127,0.8
19,-116.37551879882812,-102.59901428222656,-0.1745632781982422,0.8
20,-115.21353149414062,-99.74909973144531,-0.17282029724121095,0.8
21,-115.88107299804688,-98.66867065429682,-0.17382160949707032,0.8
22,-114.869140625,-98.51191711425781,-0.1723037109375,0.8
23,-114.23660278320312,-99.03062438964844,-0.1713549041748047,0.8
24,-114.14642333984375,-100.60690307617182,-0.17121963500976564,0.8
25,-117.49053955078125,-102.78550720214838,-0.1762358093261719,0.8
26,-119.4556884765625,-108.61817932128906,-0.17918353271484375,0.8
27,-121.00436401367188,-113.45964050292963,-0.1815065460205078,0.8
28,-122.37271118164062,-116.34507751464838,-0.18355906677246095,0.8
29,-127.27410888671875,-119.14900207519531,-0.19091116333007813,0.8
30,-134.4039306640625,-122.92530822753906,-0.20160589599609374,0.8
31,-142.70645141601562,-129.2683868408203,-0.21405967712402343,0.8
32,-151.1798095703125,-131.77264404296875,-0.22676971435546875,0.8
33,-156.87451171875,-132.87550354003906,-0.235311767578125,0.8
34,-164.61495971679688,-135.93702697753906,-0.24692243957519533,0.2
35,-169.13494873046875,-143.07040405273438,-0.2537024230957031,0.2
37,-172.26760864257812,-157.27613830566406,-0.2584014129638672,0.8
38,-173.486572265625,-165.3134307861328,-0.2602298583984375,0.8
39,-175.927978515625,-170.98681640625,-0.2638919677734375,0.8
40,-179.80020141601562,-174.24316406250006,-0.26970030212402346,0.8
41,-184.08761596679688,-176.378662109375,-0.2761314239501953,0.8
