annot_id,track_id,camera_id,nguon,split,identity_key,identity_scope,seed
1,8,DuongGiangVien,video,dev,track:8,dataset-local track; cross-camera identity unverified,20261005
2,9,DuongGiangVien,video,dev,track:9,dataset-local track; cross-camera identity unverified,20261005
7,16597,SanCanteenLemon3,video,test,track:16597,dataset-local track; cross-camera identity unverified,20261005
17,6261,SanhGiangDuongHai,video,test,track:6261,dataset-local track; cross-camera identity unverified,20261005
18,15935,SanCanteenLemon2,video,dev,track:15935,dataset-local track; cross-camera identity unverified,20261005
26,17284,SanTruong1,video,test,track:17284,dataset-local track; cross-camera identity unverified,20261005
32,13885,SanCanteenLemon1,video,test,track:13885,dataset-local track; cross-camera identity unverified,20261005
39,16624,SanCanteenLemon3,video,test,track:16624,dataset-local track; cross-camera identity unverified,20261005
48,17034,SanCanteenLemon3,video,test,track:17034,dataset-local track; cross-camera identity unverified,20261005
57,12713,SanCanteenLemon1,video,test,track:12713,dataset-local track; cross-camera identity unverified,20261005
59,16929,SanCanteenLemon3,video,test,track:16929,dataset-local track; cross-camera identity unverified,20261005
61,3048,DuongGiangVien,video,dev,track:3048,dataset-local track; cross-camera identity unverified,20261005
64,6889,SanhGiangDuongMot,video,dev,track:6889,dataset-local track; cross-camera identity unverified,20261005
84,11457,SanCanteenLemon1,video,test,track:11457,dataset-local track; cross-camera identity unverified,20261005
89,11193,SanCanteenLemon1,video,test,track:11193,dataset-local track; cross-camera identity unverified,20261005
96,12695,SanCanteenLemon1,video,test,track:12695,dataset-local track; cross-camera identity unverified,20261005
98,6248,SanhGiangDuongHai,video,test,track:6248,dataset-local track; cross-camera identity unverified,20261005
101,12125,SanCanteenLemon1,video,test,track:12125,dataset-local track; cross-camera identity unverified,20261005
117,13309,SanCanteenLemon1,video,test,track:13309,dataset-local track; cross-camera identity unverified,20261005
119,7453,SanhGiangDuongMot,video,dev,track:7453,dataset-local track; cross-camera identity unverified,20261005
122,11489,SanCanteenLemon1,video,test,track:11489,dataset-local track; cross-camera identity unverified,20261005
127,17986,SanTruong1,video,test,track:17986,dataset-local track; cross-camera identity unverified,20261005
132,34455,SanCanteenLemon/Cam1,edata,test,track:34455,dataset-local track; cross-camera identity unverified,20261005
138,36778,SanTruong/Cam1,edata,test,track:36778,dataset-local track; cross-camera identity unverified,20261005
139,37086,SanTruong/Cam2,edata,dev,track:37086,dataset-local track; cross-camera identity unverified,20261005
157,34386,SanCanteenLemon/Cam1,edata,test,track:34386,dataset-local track; cross-camera identity unverified,20261005
158,33528,SanTruong/Cam2,edata,dev,track:33528,dataset-local track; cross-camera identity unverified,20261005
176,34439,SanCanteenLemon/Cam1,edata,test,track:34439,dataset-local track; cross-camera identity unverified,20261005
177,35856,SanhGiangDuongHai/Cam1,edata,test,track:35856,dataset-local track; cross-camera identity unverified,20261005
178,37460,SanTruong/Cam2,edata,dev,track:37460,dataset-local track; cross-camera identity unverified,20261005
179,35308,SanCanteenLemon/Cam2,edata,dev,track:35308,dataset-local track; cross-camera identity unverified,20261005
180,35308,SanCanteenLemon/Cam2,edata,dev,track:35308,dataset-local track; cross-camera identity unverified,20261005
181,35308,SanCanteenLemon/Cam2,edata,dev,track:35308,dataset-local track; cross-camera identity unverified,20261005
182,34966,SanCanteenLemon/Cam2,edata,dev,track:34966,dataset-local track; cross-camera identity unverified,20261005
183,38023,SanTruong/Cam3,edata,test,track:38023,dataset-local track; cross-camera identity unverified,20261005
184,34475,SanCanteenLemon/Cam1,edata,test,track:34475,dataset-local track; cross-camera identity unverified,20261005
185,35453,SanCanteenLemon/Cam3,edata,test,track:35453,dataset-local track; cross-camera identity unverified,20261005
186,33468,SanCanteenLemon/Cam1,edata,test,track:33468,dataset-local track; cross-camera identity unverified,20261005
187,34525,SanCanteenLemon/Cam1,edata,test,track:34525,dataset-local track; cross-camera identity unverified,20261005
188,35537,SanCanteenLemon/Cam3,edata,test,track:35537,dataset-local track; cross-camera identity unverified,20261005
189,35537,SanCanteenLemon/Cam3,edata,test,track:35537,dataset-local track; cross-camera identity unverified,20261005
190,34376,SanCanteenLemon/Cam1,edata,test,track:34376,dataset-local track; cross-camera identity unverified,20261005
191,34731,SanCanteenLemon/Cam1,edata,test,track:34731,dataset-local track; cross-camera identity unverified,20261005
192,33467,SanCanteenLemon/Cam1,edata,test,track:33467,dataset-local track; cross-camera identity unverified,20261005
193,37900,SanTruong/Cam3,edata,test,track:37900,dataset-local track; cross-camera identity unverified,20261005
194,35355,SanCanteenLemon/Cam3,edata,test,track:35355,dataset-local track; cross-camera identity unverified,20261005
195,34528,SanCanteenLemon/Cam1,edata,test,track:34528,dataset-local track; cross-camera identity unverified,20261005
197,36779,SanTruong/Cam1,edata,test,track:36779,dataset-local track; cross-camera identity unverified,20261005
198,37378,SanTruong/Cam2,edata,dev,track:37378,dataset-local track; cross-camera identity unverified,20261005
199,37854,SanTruong/Cam3,edata,test,track:37854,dataset-local track; cross-camera identity unverified,20261005
200,35359,SanCanteenLemon/Cam3,edata,test,track:35359,dataset-local track; cross-camera identity unverified,20261005
201,37473,SanTruong/Cam2,edata,dev,track:37473,dataset-local track; cross-camera identity unverified,20261005
202,37375,SanTruong/Cam2,edata,dev,track:37375,dataset-local track; cross-camera identity unverified,20261005
205,37916,SanTruong/Cam3,edata,test,track:37916,dataset-local track; cross-camera identity unverified,20261005
206,37756,SanTruong/Cam3,edata,test,track:37756,dataset-local track; cross-camera identity unverified,20261005
207,34559,SanCanteenLemon/Cam1,edata,test,track:34559,dataset-local track; cross-camera identity unverified,20261005
208,37925,SanTruong/Cam3,edata,test,track:37925,dataset-local track; cross-camera identity unverified,20261005
209,37925,SanTruong/Cam3,edata,test,track:37925,dataset-local track; cross-camera identity unverified,20261005
210,34834,SanCanteenLemon/Cam1,edata,test,track:34834,dataset-local track; cross-camera identity unverified,20261005
211,37898,SanTruong/Cam3,edata,test,track:37898,dataset-local track; cross-camera identity unverified,20261005
212,34526,SanCanteenLemon/Cam1,edata,test,track:34526,dataset-local track; cross-camera identity unverified,20261005
213,36904,SanTruong/Cam1,edata,test,track:36904,dataset-local track; cross-camera identity unverified,20261005
214,38003,SanTruong/Cam3,edata,test,track:38003,dataset-local track; cross-camera identity unverified,20261005
215,37747,SanTruong/Cam3,edata,test,track:37747,dataset-local track; cross-camera identity unverified,20261005
216,37905,SanTruong/Cam3,edata,test,track:37905,dataset-local track; cross-camera identity unverified,20261005
217,37847,SanTruong/Cam3,edata,test,track:37847,dataset-local track; cross-camera identity unverified,20261005
218,37715,SanTruong/Cam3,edata,test,track:37715,dataset-local track; cross-camera identity unverified,20261005
227,34745,SanCanteenLemon/Cam1,edata,test,track:34745,dataset-local track; cross-camera identity unverified,20261005
228,37661,SanTruong/Cam3,edata,test,track:37661,dataset-local track; cross-camera identity unverified,20261005
229,37701,SanTruong/Cam3,edata,test,track:37701,dataset-local track; cross-camera identity unverified,20261005
230,37773,SanTruong/Cam3,edata,test,track:37773,dataset-local track; cross-camera identity unverified,20261005
231,37728,SanTruong/Cam3,edata,test,track:37728,dataset-local track; cross-camera identity unverified,20261005
232,36197,SanhGiangDuongMot/Cam1,edata,dev,track:36197,dataset-local track; cross-camera identity unverified,20261005
233,37647,SanTruong/Cam3,edata,test,track:37647,dataset-local track; cross-camera identity unverified,20261005
234,36705,SanTruong/Cam1,edata,test,track:36705,dataset-local track; cross-camera identity unverified,20261005
235,34675,SanCanteenLemon/Cam1,edata,test,track:34675,dataset-local track; cross-camera identity unverified,20261005
236,36104,SanhGiangDuongMot/Cam1,edata,dev,track:36104,dataset-local track; cross-camera identity unverified,20261005
237,37816,SanTruong/Cam3,edata,test,track:37816,dataset-local track; cross-camera identity unverified,20261005
238,34411,SanCanteenLemon/Cam1,edata,test,track:34411,dataset-local track; cross-camera identity unverified,20261005
239,35852,SanhGiangDuongHai/Cam1,edata,test,track:35852,dataset-local track; cross-camera identity unverified,20261005
240,37227,SanTruong/Cam2,edata,dev,track:37227,dataset-local track; cross-camera identity unverified,20261005
241,37955,SanTruong/Cam3,edata,test,track:37955,dataset-local track; cross-camera identity unverified,20261005
242,34983,SanCanteenLemon/Cam2,edata,dev,track:34983,dataset-local track; cross-camera identity unverified,20261005
243,37183,SanTruong/Cam2,edata,dev,track:37183,dataset-local track; cross-camera identity unverified,20261005
244,37692,SanTruong/Cam3,edata,test,track:37692,dataset-local track; cross-camera identity unverified,20261005
245,37331,SanTruong/Cam2,edata,dev,track:37331,dataset-local track; cross-camera identity unverified,20261005
246,37825,SanTruong/Cam3,edata,test,track:37825,dataset-local track; cross-camera identity unverified,20261005
247,37070,SanTruong/Cam1,edata,test,track:37070,dataset-local track; cross-camera identity unverified,20261005
248,35467,SanCanteenLemon/Cam3,edata,test,track:35467,dataset-local track; cross-camera identity unverified,20261005
249,35742,SanCanteenLemon/Cam3,edata,test,track:35742,dataset-local track; cross-camera identity unverified,20261005
250,36930,SanTruong/Cam1,edata,test,track:36930,dataset-local track; cross-camera identity unverified,20261005
251,37513,SanTruong/Cam2,edata,dev,track:37513,dataset-local track; cross-camera identity unverified,20261005
252,37755,SanTruong/Cam3,edata,test,track:37755,dataset-local track; cross-camera identity unverified,20261005
253,34529,SanCanteenLemon/Cam1,edata,test,track:34529,dataset-local track; cross-camera identity unverified,20261005
254,34593,SanCanteenLemon/Cam1,edata,test,track:34593,dataset-local track; cross-camera identity unverified,20261005
255,35413,SanCanteenLemon/Cam3,edata,test,track:35413,dataset-local track; cross-camera identity unverified,20261005
256,37382,SanTruong/Cam2,edata,dev,track:37382,dataset-local track; cross-camera identity unverified,20261005
257,37637,SanTruong/Cam3,edata,test,track:37637,dataset-local track; cross-camera identity unverified,20261005
258,34555,SanCanteenLemon/Cam1,edata,test,track:34555,dataset-local track; cross-camera identity unverified,20261005
259,34635,SanCanteenLemon/Cam1,edata,test,track:34635,dataset-local track; cross-camera identity unverified,20261005
260,34694,SanCanteenLemon/Cam1,edata,test,track:34694,dataset-local track; cross-camera identity unverified,20261005
261,35430,SanCanteenLemon/Cam3,edata,test,track:35430,dataset-local track; cross-camera identity unverified,20261005
262,36625,SanTruong/Cam1,edata,test,track:36625,dataset-local track; cross-camera identity unverified,20261005
263,36812,SanTruong/Cam1,edata,test,track:36812,dataset-local track; cross-camera identity unverified,20261005
264,37768,SanTruong/Cam3,edata,test,track:37768,dataset-local track; cross-camera identity unverified,20261005
265,36179,SanhGiangDuongMot/Cam1,edata,dev,track:36179,dataset-local track; cross-camera identity unverified,20261005
266,34566,SanCanteenLemon/Cam1,edata,test,track:34566,dataset-local track; cross-camera identity unverified,20261005
267,34994,SanCanteenLemon/Cam2,edata,dev,track:34994,dataset-local track; cross-camera identity unverified,20261005
268,36300,SanhGiangDuongMot/Cam1,edata,dev,track:36300,dataset-local track; cross-camera identity unverified,20261005
269,37992,SanTruong/Cam3,edata,test,track:37992,dataset-local track; cross-camera identity unverified,20261005
270,36046,SanhGiangDuongHai/Cam1,edata,test,track:36046,dataset-local track; cross-camera identity unverified,20261005
271,36370,SanhGiangDuongMot/Cam1,edata,dev,track:36370,dataset-local track; cross-camera identity unverified,20261005
272,36814,SanTruong/Cam1,edata,test,track:36814,dataset-local track; cross-camera identity unverified,20261005
273,37156,SanTruong/Cam2,edata,dev,track:37156,dataset-local track; cross-camera identity unverified,20261005
274,37489,SanTruong/Cam2,edata,dev,track:37489,dataset-local track; cross-camera identity unverified,20261005
275,37540,SanTruong/Cam2,edata,dev,track:37540,dataset-local track; cross-camera identity unverified,20261005
276,36656,SanTruong/Cam1,edata,test,track:36656,dataset-local track; cross-camera identity unverified,20261005
277,36739,SanTruong/Cam1,edata,test,track:36739,dataset-local track; cross-camera identity unverified,20261005
278,37368,SanTruong/Cam2,edata,dev,track:37368,dataset-local track; cross-camera identity unverified,20261005
279,37817,SanTruong/Cam3,edata,test,track:37817,dataset-local track; cross-camera identity unverified,20261005
280,36082,SanhGiangDuongHai/Cam1,edata,test,track:36082,dataset-local track; cross-camera identity unverified,20261005
281,35846,SanhGiangDuongHai/Cam1,edata,test,track:35846,dataset-local track; cross-camera identity unverified,20261005
282,36525,SanhGiangDuongMot/Cam1,edata,dev,track:36525,dataset-local track; cross-camera identity unverified,20261005
283,36927,SanTruong/Cam1,edata,test,track:36927,dataset-local track; cross-camera identity unverified,20261005
284,37213,SanTruong/Cam2,edata,dev,track:37213,dataset-local track; cross-camera identity unverified,20261005
285,37505,SanTruong/Cam2,edata,dev,track:37505,dataset-local track; cross-camera identity unverified,20261005
286,37901,SanTruong/Cam3,edata,test,track:37901,dataset-local track; cross-camera identity unverified,20261005
287,37207,SanTruong/Cam2,edata,dev,track:37207,dataset-local track; cross-camera identity unverified,20261005
288,36385,SanhGiangDuongMot/Cam1,edata,dev,track:36385,dataset-local track; cross-camera identity unverified,20261005
289,36459,SanhGiangDuongMot/Cam1,edata,dev,track:36459,dataset-local track; cross-camera identity unverified,20261005
290,36843,SanTruong/Cam1,edata,test,track:36843,dataset-local track; cross-camera identity unverified,20261005
291,37597,SanTruong/Cam3,edata,test,track:37597,dataset-local track; cross-camera identity unverified,20261005
292,37729,SanTruong/Cam3,edata,test,track:37729,dataset-local track; cross-camera identity unverified,20261005
293,34790,SanCanteenLemon/Cam1,edata,test,track:34790,dataset-local track; cross-camera identity unverified,20261005
294,34871,SanCanteenLemon/Cam2,edata,dev,track:34871,dataset-local track; cross-camera identity unverified,20261005
295,35507,SanCanteenLemon/Cam3,edata,test,track:35507,dataset-local track; cross-camera identity unverified,20261005
296,35678,SanCanteenLemon/Cam3,edata,test,track:35678,dataset-local track; cross-camera identity unverified,20261005
297,36749,SanTruong/Cam1,edata,test,track:36749,dataset-local track; cross-camera identity unverified,20261005
298,37002,SanTruong/Cam1,edata,test,track:37002,dataset-local track; cross-camera identity unverified,20261005
299,37241,SanTruong/Cam2,edata,dev,track:37241,dataset-local track; cross-camera identity unverified,20261005
300,37290,SanTruong/Cam2,edata,dev,track:37290,dataset-local track; cross-camera identity unverified,20261005
301,37648,SanTruong/Cam3,edata,test,track:37648,dataset-local track; cross-camera identity unverified,20261005
302,37863,SanTruong/Cam3,edata,test,track:37863,dataset-local track; cross-camera identity unverified,20261005
303,34445,SanCanteenLemon/Cam1,edata,test,track:34445,dataset-local track; cross-camera identity unverified,20261005
304,34549,SanCanteenLemon/Cam1,edata,test,track:34549,dataset-local track; cross-camera identity unverified,20261005
305,36072,SanhGiangDuongHai/Cam1,edata,test,track:36072,dataset-local track; cross-camera identity unverified,20261005
306,36086,SanhGiangDuongHai/Cam1,edata,test,track:36086,dataset-local track; cross-camera identity unverified,20261005
307,36654,SanTruong/Cam1,edata,test,track:36654,dataset-local track; cross-camera identity unverified,20261005
308,36891,SanTruong/Cam1,edata,test,track:36891,dataset-local track; cross-camera identity unverified,20261005
309,37612,SanTruong/Cam3,edata,test,track:37612,dataset-local track; cross-camera identity unverified,20261005
310,37713,SanTruong/Cam3,edata,test,track:37713,dataset-local track; cross-camera identity unverified,20261005
311,36853,SanTruong/Cam1,edata,test,track:36853,dataset-local track; cross-camera identity unverified,20261005
312,33521,SanTruong/Cam1,edata,test,track:33521,dataset-local track; cross-camera identity unverified,20261005
313,33525,SanTruong/Cam1,edata,test,track:33525,dataset-local track; cross-camera identity unverified,20261005
314,34527,SanCanteenLemon/Cam1,edata,test,track:34527,dataset-local track; cross-camera identity unverified,20261005
315,34709,SanCanteenLemon/Cam1,edata,test,track:34709,dataset-local track; cross-camera identity unverified,20261005
316,34784,SanCanteenLemon/Cam1,edata,test,track:34784,dataset-local track; cross-camera identity unverified,20261005
317,36936,SanTruong/Cam1,edata,test,track:36936,dataset-local track; cross-camera identity unverified,20261005
318,36968,SanTruong/Cam1,edata,test,track:36968,dataset-local track; cross-camera identity unverified,20261005
319,37129,SanTruong/Cam2,edata,dev,track:37129,dataset-local track; cross-camera identity unverified,20261005
320,37149,SanTruong/Cam2,edata,dev,track:37149,dataset-local track; cross-camera identity unverified,20261005
321,37231,SanTruong/Cam2,edata,dev,track:37231,dataset-local track; cross-camera identity unverified,20261005
322,37281,SanTruong/Cam2,edata,dev,track:37281,dataset-local track; cross-camera identity unverified,20261005
323,37288,SanTruong/Cam2,edata,dev,track:37288,dataset-local track; cross-camera identity unverified,20261005
324,37412,SanTruong/Cam2,edata,dev,track:37412,dataset-local track; cross-camera identity unverified,20261005
325,37894,SanTruong/Cam3,edata,test,track:37894,dataset-local track; cross-camera identity unverified,20261005
326,37894,SanTruong/Cam3,edata,test,track:37894,dataset-local track; cross-camera identity unverified,20261005
327,37598,SanTruong/Cam3,edata,test,track:37598,dataset-local track; cross-camera identity unverified,20261005
328,34393,SanCanteenLemon/Cam1,edata,test,track:34393,dataset-local track; cross-camera identity unverified,20261005
329,34420,SanCanteenLemon/Cam1,edata,test,track:34420,dataset-local track; cross-camera identity unverified,20261005
330,34513,SanCanteenLemon/Cam1,edata,test,track:34513,dataset-local track; cross-camera identity unverified,20261005
331,35244,SanCanteenLemon/Cam2,edata,dev,track:35244,dataset-local track; cross-camera identity unverified,20261005
332,36686,SanTruong/Cam1,edata,test,track:36686,dataset-local track; cross-camera identity unverified,20261005
333,36721,SanTruong/Cam1,edata,test,track:36721,dataset-local track; cross-camera identity unverified,20261005
334,36752,SanTruong/Cam1,edata,test,track:36752,dataset-local track; cross-camera identity unverified,20261005
335,37797,SanTruong/Cam3,edata,test,track:37797,dataset-local track; cross-camera identity unverified,20261005
336,37754,SanTruong/Cam3,edata,test,track:37754,dataset-local track; cross-camera identity unverified,20261005
337,36530,SanhGiangDuongMot/Cam1,edata,dev,track:36530,dataset-local track; cross-camera identity unverified,20261005
338,36642,SanTruong/Cam1,edata,test,track:36642,dataset-local track; cross-camera identity unverified,20261005
339,33537,SanTruong/Cam3,edata,test,track:33537,dataset-local track; cross-camera identity unverified,20261005
340,34696,SanCanteenLemon/Cam1,edata,test,track:34696,dataset-local track; cross-camera identity unverified,20261005
341,34805,SanCanteenLemon/Cam1,edata,test,track:34805,dataset-local track; cross-camera identity unverified,20261005
342,36145,SanhGiangDuongMot/Cam1,edata,dev,track:36145,dataset-local track; cross-camera identity unverified,20261005
343,36287,SanhGiangDuongMot/Cam1,edata,dev,track:36287,dataset-local track; cross-camera identity unverified,20261005
344,36832,SanTruong/Cam1,edata,test,track:36832,dataset-local track; cross-camera identity unverified,20261005
345,36842,SanTruong/Cam1,edata,test,track:36842,dataset-local track; cross-camera identity unverified,20261005
346,37098,SanTruong/Cam2,edata,dev,track:37098,dataset-local track; cross-camera identity unverified,20261005
347,37123,SanTruong/Cam2,edata,dev,track:37123,dataset-local track; cross-camera identity unverified,20261005
348,37304,SanTruong/Cam2,edata,dev,track:37304,dataset-local track; cross-camera identity unverified,20261005
349,37848,SanTruong/Cam3,edata,test,track:37848,dataset-local track; cross-camera identity unverified,20261005
350,34680,SanCanteenLemon/Cam1,edata,test,track:34680,dataset-local track; cross-camera identity unverified,20261005
351,36639,SanTruong/Cam1,edata,test,track:36639,dataset-local track; cross-camera identity unverified,20261005
352,36740,SanTruong/Cam1,edata,test,track:36740,dataset-local track; cross-camera identity unverified,20261005
353,36811,SanTruong/Cam1,edata,test,track:36811,dataset-local track; cross-camera identity unverified,20261005
354,37230,SanTruong/Cam2,edata,dev,track:37230,dataset-local track; cross-camera identity unverified,20261005
355,37334,SanTruong/Cam2,edata,dev,track:37334,dataset-local track; cross-camera identity unverified,20261005
356,37340,SanTruong/Cam2,edata,dev,track:37340,dataset-local track; cross-camera identity unverified,20261005
357,37352,SanTruong/Cam2,edata,dev,track:37352,dataset-local track; cross-camera identity unverified,20261005
358,37852,SanTruong/Cam3,edata,test,track:37852,dataset-local track; cross-camera identity unverified,20261005
359,37899,SanTruong/Cam3,edata,test,track:37899,dataset-local track; cross-camera identity unverified,20261005
360,37264,SanTruong/Cam2,edata,dev,track:37264,dataset-local track; cross-camera identity unverified,20261005
361,33516,SanTruong/Cam1,edata,test,track:33516,dataset-local track; cross-camera identity unverified,20261005
362,34740,SanCanteenLemon/Cam1,edata,test,track:34740,dataset-local track; cross-camera identity unverified,20261005
363,35843,SanhGiangDuongHai/Cam1,edata,test,track:35843,dataset-local track; cross-camera identity unverified,20261005
364,36613,SanTruong/Cam1,edata,test,track:36613,dataset-local track; cross-camera identity unverified,20261005
365,36733,SanTruong/Cam1,edata,test,track:36733,dataset-local track; cross-camera identity unverified,20261005
366,36761,SanTruong/Cam1,edata,test,track:36761,dataset-local track; cross-camera identity unverified,20261005
367,36784,SanTruong/Cam1,edata,test,track:36784,dataset-local track; cross-camera identity unverified,20261005
368,36885,SanTruong/Cam1,edata,test,track:36885,dataset-local track; cross-camera identity unverified,20261005
369,37020,SanTruong/Cam1,edata,test,track:37020,dataset-local track; cross-camera identity unverified,20261005
370,37113,SanTruong/Cam2,edata,dev,track:37113,dataset-local track; cross-camera identity unverified,20261005
371,37211,SanTruong/Cam2,edata,dev,track:37211,dataset-local track; cross-camera identity unverified,20261005
372,37232,SanTruong/Cam2,edata,dev,track:37232,dataset-local track; cross-camera identity unverified,20261005
373,37638,SanTruong/Cam3,edata,test,track:37638,dataset-local track; cross-camera identity unverified,20261005
374,37732,SanTruong/Cam3,edata,test,track:37732,dataset-local track; cross-camera identity unverified,20261005
375,37876,SanTruong/Cam3,edata,test,track:37876,dataset-local track; cross-camera identity unverified,20261005
376,36511,SanhGiangDuongMot/Cam1,edata,dev,track:36511,dataset-local track; cross-camera identity unverified,20261005
377,37977,SanTruong/Cam3,edata,test,track:37977,dataset-local track; cross-camera identity unverified,20261005
378,34687,SanCanteenLemon/Cam1,edata,test,track:34687,dataset-local track; cross-camera identity unverified,20261005
379,34822,SanCanteenLemon/Cam1,edata,test,track:34822,dataset-local track; cross-camera identity unverified,20261005
380,34928,SanCanteenLemon/Cam2,edata,dev,track:34928,dataset-local track; cross-camera identity unverified,20261005
381,34947,SanCanteenLemon/Cam2,edata,dev,track:34947,dataset-local track; cross-camera identity unverified,20261005
382,36035,SanhGiangDuongHai/Cam1,edata,test,track:36035,dataset-local track; cross-camera identity unverified,20261005
383,36098,SanhGiangDuongMot/Cam1,edata,dev,track:36098,dataset-local track; cross-camera identity unverified,20261005
384,36896,SanTruong/Cam1,edata,test,track:36896,dataset-local track; cross-camera identity unverified,20261005
385,37011,SanTruong/Cam1,edata,test,track:37011,dataset-local track; cross-camera identity unverified,20261005
386,37238,SanTruong/Cam2,edata,dev,track:37238,dataset-local track; cross-camera identity unverified,20261005
387,37317,SanTruong/Cam2,edata,dev,track:37317,dataset-local track; cross-camera identity unverified,20261005
388,35870,SanhGiangDuongHai/Cam1,edata,test,track:35870,dataset-local track; cross-camera identity unverified,20261005
389,36246,SanhGiangDuongMot/Cam1,edata,dev,track:36246,dataset-local track; cross-camera identity unverified,20261005
390,36336,SanhGiangDuongMot/Cam1,edata,dev,track:36336,dataset-local track; cross-camera identity unverified,20261005
391,36632,SanTruong/Cam1,edata,test,track:36632,dataset-local track; cross-camera identity unverified,20261005
392,36649,SanTruong/Cam1,edata,test,track:36649,dataset-local track; cross-camera identity unverified,20261005
393,36709,SanTruong/Cam1,edata,test,track:36709,dataset-local track; cross-camera identity unverified,20261005
394,36781,SanTruong/Cam1,edata,test,track:36781,dataset-local track; cross-camera identity unverified,20261005
395,36801,SanTruong/Cam1,edata,test,track:36801,dataset-local track; cross-camera identity unverified,20261005
396,36816,SanTruong/Cam1,edata,test,track:36816,dataset-local track; cross-camera identity unverified,20261005
397,37373,SanTruong/Cam2,edata,dev,track:37373,dataset-local track; cross-camera identity unverified,20261005
398,37588,SanTruong/Cam3,edata,test,track:37588,dataset-local track; cross-camera identity unverified,20261005
399,37120,SanTruong/Cam2,edata,dev,track:37120,dataset-local track; cross-camera identity unverified,20261005
400,34550,SanCanteenLemon/Cam1,edata,test,track:34550,dataset-local track; cross-camera identity unverified,20261005
401,34682,SanCanteenLemon/Cam1,edata,test,track:34682,dataset-local track; cross-camera identity unverified,20261005
402,36087,SanhGiangDuongHai/Cam1,edata,test,track:36087,dataset-local track; cross-camera identity unverified,20261005
403,36325,SanhGiangDuongMot/Cam1,edata,dev,track:36325,dataset-local track; cross-camera identity unverified,20261005
404,36428,SanhGiangDuongMot/Cam1,edata,dev,track:36428,dataset-local track; cross-camera identity unverified,20261005
405,36483,SanhGiangDuongMot/Cam1,edata,dev,track:36483,dataset-local track; cross-camera identity unverified,20261005
406,36830,SanTruong/Cam1,edata,test,track:36830,dataset-local track; cross-camera identity unverified,20261005
407,36937,SanTruong/Cam1,edata,test,track:36937,dataset-local track; cross-camera identity unverified,20261005
408,36979,SanTruong/Cam1,edata,test,track:36979,dataset-local track; cross-camera identity unverified,20261005
409,37363,SanTruong/Cam2,edata,dev,track:37363,dataset-local track; cross-camera identity unverified,20261005
