de_tai,run_id,date,commit,task_id,dataset,split,model,checkpoint_sha256,precision,metric,value,ci95_low,ci95_high,n,chance_level,hardware,notes
dt1_follow,VT03-paired-visdrone-20261005,2026-10-05,54ef479,VT-03,VisDrone2019-DET-val,val,yolo11s_minus_yolov8s-worldv2,,fp32,mean_per_image_ap_difference,0.0157632417976856,0.0101016581058502,0.0216931488364934,520,0.0,NVIDIA GeForce RTX 3050 Laptop GPU,"target=pedestrian; bootstrap_samples=10000; bootstrap_prob_difference_le_0=0.0; so sanh cap; precision suy ra tu ma nguon (khong co half=True), Viet xac nhan giup; commit lay tu git log cua file metrics vi lan chay khong ghi env/"
dt1_follow,VT03-yolo11s-visdrone-20261005,2026-10-05,54ef479,VT-03,VisDrone2019-DET-val,val,yolo11s,,fp32,AP,0.1001287162613981,,,548,0.0,NVIDIA GeForce RTX 3050 Laptop GPU,"target=pedestrian; paired_n_images=520; imgsz=640; conf=0.001; precision suy ra tu ma nguon (khong co half=True), Viet xac nhan giup; commit lay tu git log cua file metrics vi lan chay khong ghi env/"
dt1_follow,VT03-yolo11s-visdrone-20261005,2026-10-05,54ef479,VT-03,VisDrone2019-DET-val,val,yolo11s,,fp32,AP50,0.2354100845518088,,,548,0.0,NVIDIA GeForce RTX 3050 Laptop GPU,"target=pedestrian; paired_n_images=520; imgsz=640; conf=0.001; precision suy ra tu ma nguon (khong co half=True), Viet xac nhan giup; commit lay tu git log cua file metrics vi lan chay khong ghi env/"
dt1_follow,VT03-yolo11s-visdrone-20261005,2026-10-05,54ef479,VT-03,VisDrone2019-DET-val,val,yolo11s,,fp32,AP75,0.072126659991864,,,548,0.0,NVIDIA GeForce RTX 3050 Laptop GPU,"target=pedestrian; paired_n_images=520; imgsz=640; conf=0.001; precision suy ra tu ma nguon (khong co half=True), Viet xac nhan giup; commit lay tu git log cua file metrics vi lan chay khong ghi env/"
dt1_follow,VT03-yolo11s-visdrone-20261005,2026-10-05,54ef479,VT-03,VisDrone2019-DET-val,val,yolo11s,,fp32,AP_large,0.8616420034860629,,,548,0.0,NVIDIA GeForce RTX 3050 Laptop GPU,"target=pedestrian; paired_n_images=520; imgsz=640; conf=0.001; precision suy ra tu ma nguon (khong co half=True), Viet xac nhan giup; commit lay tu git log cua file metrics vi lan chay khong ghi env/"
dt1_follow,VT03-yolo11s-visdrone-20261005,2026-10-05,54ef479,VT-03,VisDrone2019-DET-val,val,yolo11s,,fp32,AP_medium,0.3174874206287197,,,548,0.0,NVIDIA GeForce RTX 3050 Laptop GPU,"target=pedestrian; paired_n_images=520; imgsz=640; conf=0.001; precision suy ra tu ma nguon (khong co half=True), Viet xac nhan giup; commit lay tu git log cua file metrics vi lan chay khong ghi env/"
dt1_follow,VT03-yolo11s-visdrone-20261005,2026-10-05,54ef479,VT-03,VisDrone2019-DET-val,val,yolo11s,,fp32,AP_small,0.065307831291278,,,548,0.0,NVIDIA GeForce RTX 3050 Laptop GPU,"target=pedestrian; paired_n_images=520; imgsz=640; conf=0.001; precision suy ra tu ma nguon (khong co half=True), Viet xac nhan giup; commit lay tu git log cua file metrics vi lan chay khong ghi env/"
dt1_follow,VT03-yolo11s-visdrone-20261005,2026-10-05,54ef479,VT-03,VisDrone2019-DET-val,val,yolo11s,,fp32,latency_mean_ms,28.896407912393475,,,548,,NVIDIA GeForce RTX 3050 Laptop GPU,"target=pedestrian; paired_n_images=520; imgsz=640; conf=0.001; precision suy ra tu ma nguon (khong co half=True), Viet xac nhan giup; commit lay tu git log cua file metrics vi lan chay khong ghi env/"
dt1_follow,VT03-yolo11s-visdrone-20261005,2026-10-05,54ef479,VT-03,VisDrone2019-DET-val,val,yolo11s,,fp32,latency_p50_ms,25.37335100009841,,,548,,NVIDIA GeForce RTX 3050 Laptop GPU,"target=pedestrian; paired_n_images=520; imgsz=640; conf=0.001; precision suy ra tu ma nguon (khong co half=True), Viet xac nhan giup; commit lay tu git log cua file metrics vi lan chay khong ghi env/"
dt1_follow,VT03-yolo11s-visdrone-20261005,2026-10-05,54ef479,VT-03,VisDrone2019-DET-val,val,yolo11s,,fp32,latency_p95_ms,45.5467059502098,,,548,,NVIDIA GeForce RTX 3050 Laptop GPU,"target=pedestrian; paired_n_images=520; imgsz=640; conf=0.001; precision suy ra tu ma nguon (khong co half=True), Viet xac nhan giup; commit lay tu git log cua file metrics vi lan chay khong ghi env/"
dt1_follow,VT03-yolo11s-visdrone-20261005,2026-10-05,54ef479,VT-03,VisDrone2019-DET-val,val,yolo11s,,fp32,mean_per_image_AP,0.1500371843576431,0.135535654425621,0.1653260502964258,548,0.0,NVIDIA GeForce RTX 3050 Laptop GPU,"target=pedestrian; paired_n_images=520; imgsz=640; conf=0.001; precision suy ra tu ma nguon (khong co half=True), Viet xac nhan giup; commit lay tu git log cua file metrics vi lan chay khong ghi env/"
dt1_follow,VT03-yolo11s-visdrone-20261005,2026-10-05,54ef479,VT-03,VisDrone2019-DET-val,val,yolo11s,,fp32,peak_vram_mb,93.97412109375,,,548,,NVIDIA GeForce RTX 3050 Laptop GPU,"target=pedestrian; paired_n_images=520; imgsz=640; conf=0.001; precision suy ra tu ma nguon (khong co half=True), Viet xac nhan giup; commit lay tu git log cua file metrics vi lan chay khong ghi env/"
dt1_follow,VT03-yoloworld-visdrone-20261005,2026-10-05,54ef479,VT-03,VisDrone2019-DET-val,val,yolov8s-worldv2,,fp32,AP,0.0848347900393115,,,548,0.0,NVIDIA GeForce RTX 3050 Laptop GPU,"target=pedestrian; paired_n_images=520; imgsz=640; conf=0.001; precision suy ra tu ma nguon (khong co half=True), Viet xac nhan giup; commit lay tu git log cua file metrics vi lan chay khong ghi env/"
dt1_follow,VT03-yoloworld-visdrone-20261005,2026-10-05,54ef479,VT-03,VisDrone2019-DET-val,val,yolov8s-worldv2,,fp32,AP50,0.2028522279426516,,,548,0.0,NVIDIA GeForce RTX 3050 Laptop GPU,"target=pedestrian; paired_n_images=520; imgsz=640; conf=0.001; precision suy ra tu ma nguon (khong co half=True), Viet xac nhan giup; commit lay tu git log cua file metrics vi lan chay khong ghi env/"
dt1_follow,VT03-yoloworld-visdrone-20261005,2026-10-05,54ef479,VT-03,VisDrone2019-DET-val,val,yolov8s-worldv2,,fp32,AP75,0.0576292099071962,,,548,0.0,NVIDIA GeForce RTX 3050 Laptop GPU,"target=pedestrian; paired_n_images=520; imgsz=640; conf=0.001; precision suy ra tu ma nguon (khong co half=True), Viet xac nhan giup; commit lay tu git log cua file metrics vi lan chay khong ghi env/"
dt1_follow,VT03-yoloworld-visdrone-20261005,2026-10-05,54ef479,VT-03,VisDrone2019-DET-val,val,yolov8s-worldv2,,fp32,AP_large,0.8271768675541293,,,548,0.0,NVIDIA GeForce RTX 3050 Laptop GPU,"target=pedestrian; paired_n_images=520; imgsz=640; conf=0.001; precision suy ra tu ma nguon (khong co half=True), Viet xac nhan giup; commit lay tu git log cua file metrics vi lan chay khong ghi env/"
dt1_follow,VT03-yoloworld-visdrone-20261005,2026-10-05,54ef479,VT-03,VisDrone2019-DET-val,val,yolov8s-worldv2,,fp32,AP_medium,0.2767212070753226,,,548,0.0,NVIDIA GeForce RTX 3050 Laptop GPU,"target=pedestrian; paired_n_images=520; imgsz=640; conf=0.001; precision suy ra tu ma nguon (khong co half=True), Viet xac nhan giup; commit lay tu git log cua file metrics vi lan chay khong ghi env/"
dt1_follow,VT03-yoloworld-visdrone-20261005,2026-10-05,54ef479,VT-03,VisDrone2019-DET-val,val,yolov8s-worldv2,,fp32,AP_small,0.0521437764879666,,,548,0.0,NVIDIA GeForce RTX 3050 Laptop GPU,"target=pedestrian; paired_n_images=520; imgsz=640; conf=0.001; precision suy ra tu ma nguon (khong co half=True), Viet xac nhan giup; commit lay tu git log cua file metrics vi lan chay khong ghi env/"
dt1_follow,VT03-yoloworld-visdrone-20261005,2026-10-05,54ef479,VT-03,VisDrone2019-DET-val,val,yolov8s-worldv2,,fp32,latency_mean_ms,28.29217514599837,,,548,,NVIDIA GeForce RTX 3050 Laptop GPU,"target=pedestrian; paired_n_images=520; imgsz=640; conf=0.001; precision suy ra tu ma nguon (khong co half=True), Viet xac nhan giup; commit lay tu git log cua file metrics vi lan chay khong ghi env/"
dt1_follow,VT03-yoloworld-visdrone-20261005,2026-10-05,54ef479,VT-03,VisDrone2019-DET-val,val,yolov8s-worldv2,,fp32,latency_p50_ms,26.71269600023152,,,548,,NVIDIA GeForce RTX 3050 Laptop GPU,"target=pedestrian; paired_n_images=520; imgsz=640; conf=0.001; precision suy ra tu ma nguon (khong co half=True), Viet xac nhan giup; commit lay tu git log cua file metrics vi lan chay khong ghi env/"
dt1_follow,VT03-yoloworld-visdrone-20261005,2026-10-05,54ef479,VT-03,VisDrone2019-DET-val,val,yolov8s-worldv2,,fp32,latency_p95_ms,43.138710699895455,,,548,,NVIDIA GeForce RTX 3050 Laptop GPU,"target=pedestrian; paired_n_images=520; imgsz=640; conf=0.001; precision suy ra tu ma nguon (khong co half=True), Viet xac nhan giup; commit lay tu git log cua file metrics vi lan chay khong ghi env/"
dt1_follow,VT03-yoloworld-visdrone-20261005,2026-10-05,54ef479,VT-03,VisDrone2019-DET-val,val,yolov8s-worldv2,,fp32,mean_per_image_AP,0.1342739462852478,0.1200852984562516,0.1489703956991434,548,0.0,NVIDIA GeForce RTX 3050 Laptop GPU,"target=pedestrian; paired_n_images=520; imgsz=640; conf=0.001; precision suy ra tu ma nguon (khong co half=True), Viet xac nhan giup; commit lay tu git log cua file metrics vi lan chay khong ghi env/"
dt1_follow,VT03-yoloworld-visdrone-20261005,2026-10-05,54ef479,VT-03,VisDrone2019-DET-val,val,yolov8s-worldv2,,fp32,peak_vram_mb,688.4482421875,,,548,,NVIDIA GeForce RTX 3050 Laptop GPU,"target=pedestrian; paired_n_images=520; imgsz=640; conf=0.001; precision suy ra tu ma nguon (khong co half=True), Viet xac nhan giup; commit lay tu git log cua file metrics vi lan chay khong ghi env/"
dt2_handoff,VN03-ain-20261004,2026-10-05,2642102,VN-03,AG-ReID.v2,exp1_aerial_to_cctv,osnet_ain_x1_0_dangguon,2f38acc25e28cb29,fp32,Rank1,33.6163,31.7912,35.6112,2356,0.17,RTX 3060 Laptop 6GB,"protocol goc cua tac gia, khong chinh sua"
dt2_handoff,VN03-ain-20261004,2026-10-05,2642102,VN-03,AG-ReID.v2,exp2_aerial_to_wearable,osnet_ain_x1_0_dangguon,2f38acc25e28cb29,fp32,Rank1,26.5278,24.7171,28.4756,2209,0.19,RTX 3060 Laptop 6GB,"protocol goc cua tac gia, khong chinh sua"
dt2_handoff,VN03-ain-20261004,2026-10-05,2642102,VN-03,AG-ReID.v2,exp4_cctv_to_aerial,osnet_ain_x1_0_dangguon,2f38acc25e28cb29,fp32,Rank1,27.8851,25.7303,30.0939,1811,0.11,RTX 3060 Laptop 6GB,"protocol goc cua tac gia, khong chinh sua"
dt2_handoff,VN03-ain-20261004,2026-10-05,2642102,VN-03,AG-ReID.v2,exp5_wearable_to_aerial,osnet_ain_x1_0_dangguon,2f38acc25e28cb29,fp32,Rank1,20.1282,18.4615,21.6667,2340,0.145,RTX 3060 Laptop 6GB,"protocol goc cua tac gia, khong chinh sua"
dt2_handoff,VN03-ain-20261004,2026-10-05,2642102,VN-03,AG-ReID.v2,exp1_aerial_to_cctv,osnet_x1_0_msmt17,,fp32,Rank1,9.5501,8.4465,10.781,2356,0.17,RTX 3060 Laptop 6GB,"protocol goc cua tac gia, khong chinh sua"
dt2_handoff,VN03-ain-20261004,2026-10-05,2642102,VN-03,AG-ReID.v2,exp2_aerial_to_wearable,osnet_x1_0_msmt17,,fp32,Rank1,8.7823,7.6958,9.914,2209,0.19,RTX 3060 Laptop 6GB,"protocol goc cua tac gia, khong chinh sua"
dt2_handoff,VN03-ain-20261004,2026-10-05,2642102,VN-03,AG-ReID.v2,exp4_cctv_to_aerial,osnet_x1_0_msmt17,,fp32,Rank1,9.0006,7.6753,10.3258,1811,0.11,RTX 3060 Laptop 6GB,"protocol goc cua tac gia, khong chinh sua"
dt2_handoff,VN03-ain-20261004,2026-10-05,2642102,VN-03,AG-ReID.v2,exp5_wearable_to_aerial,osnet_x1_0_msmt17,,fp32,Rank1,8.7179,7.6068,9.8718,2340,0.145,RTX 3060 Laptop 6GB,"protocol goc cua tac gia, khong chinh sua"
dt2_handoff,VN03-ain-20261004,2026-10-05,2642102,VN-03,AG-ReID.v2,exp1_aerial_to_cctv,osnet_ain_x1_0_dangguon − osnet_x1_0_msmt17,,fp32,Rank1_hieu_cap,24.0662,22.2835,25.8913,2356,0.0,RTX 3060 Laptop 6GB,so sánh cặp; osnet_ain_x1_0_dangguon thắng 25.6% truy vấn; có ý nghĩa
dt2_handoff,VN03-ain-20261004,2026-10-05,2642102,VN-03,AG-ReID.v2,exp2_aerial_to_wearable,osnet_ain_x1_0_dangguon − osnet_x1_0_msmt17,,fp32,Rank1_hieu_cap,17.7456,15.799,19.6922,2209,0.0,RTX 3060 Laptop 6GB,so sánh cặp; osnet_ain_x1_0_dangguon thắng 20.7% truy vấn; có ý nghĩa
dt2_handoff,VN03-ain-20261004,2026-10-05,2642102,VN-03,AG-ReID.v2,exp4_cctv_to_aerial,osnet_ain_x1_0_dangguon − osnet_x1_0_msmt17,,fp32,Rank1_hieu_cap,18.8846,16.8415,20.9843,1811,0.0,RTX 3060 Laptop 6GB,so sánh cặp; osnet_ain_x1_0_dangguon thắng 20.9% truy vấn; có ý nghĩa
dt2_handoff,VN03-ain-20261004,2026-10-05,2642102,VN-03,AG-ReID.v2,exp5_wearable_to_aerial,osnet_ain_x1_0_dangguon − osnet_x1_0_msmt17,,fp32,Rank1_hieu_cap,11.4103,9.8718,12.9925,2340,0.0,RTX 3060 Laptop 6GB,so sánh cặp; osnet_ain_x1_0_dangguon thắng 14.3% truy vấn; có ý nghĩa
dt2_handoff,VN03-ain-20261004,2026-10-05,2642102,VN-03,AG-ReID.v2,exp1_aerial_to_cctv,osnet_ain_x1_0_dangguon,2f38acc25e28cb29,fp32,mAP,22.2167,21.0795,23.2911,2356,0.308,RTX 3060 Laptop 6GB,"protocol goc cua tac gia, khong chinh sua"
dt2_handoff,VN03-ain-20261004,2026-10-05,2642102,VN-03,AG-ReID.v2,exp2_aerial_to_wearable,osnet_ain_x1_0_dangguon,2f38acc25e28cb29,fp32,mAP,15.6415,14.7343,16.5466,2209,0.243,RTX 3060 Laptop 6GB,"protocol goc cua tac gia, khong chinh sua"
dt2_handoff,VN03-ain-20261004,2026-10-05,2642102,VN-03,AG-ReID.v2,exp4_cctv_to_aerial,osnet_ain_x1_0_dangguon,2f38acc25e28cb29,fp32,mAP,19.4404,18.1764,20.697,1811,0.238,RTX 3060 Laptop 6GB,"protocol goc cua tac gia, khong chinh sua"
dt2_handoff,VN03-ain-20261004,2026-10-05,2642102,VN-03,AG-ReID.v2,exp5_wearable_to_aerial,osnet_ain_x1_0_dangguon,2f38acc25e28cb29,fp32,mAP,13.4201,12.4813,14.2753,2340,0.254,RTX 3060 Laptop 6GB,"protocol goc cua tac gia, khong chinh sua"
dt2_handoff,VN03-ain-20261004,2026-10-05,2642102,VN-03,AG-ReID.v2,exp1_aerial_to_cctv,osnet_x1_0_msmt17,,fp32,mAP,5.6196,5.0655,6.1787,2356,0.308,RTX 3060 Laptop 6GB,"protocol goc cua tac gia, khong chinh sua"
dt2_handoff,VN03-ain-20261004,2026-10-05,2642102,VN-03,AG-ReID.v2,exp2_aerial_to_wearable,osnet_x1_0_msmt17,,fp32,mAP,4.664,4.201,5.1464,2209,0.243,RTX 3060 Laptop 6GB,"protocol goc cua tac gia, khong chinh sua"
dt2_handoff,VN03-ain-20261004,2026-10-05,2642102,VN-03,AG-ReID.v2,exp4_cctv_to_aerial,osnet_x1_0_msmt17,,fp32,mAP,5.0481,4.3997,5.6748,1811,0.238,RTX 3060 Laptop 6GB,"protocol goc cua tac gia, khong chinh sua"
dt2_handoff,VN03-ain-20261004,2026-10-05,2642102,VN-03,AG-ReID.v2,exp5_wearable_to_aerial,osnet_x1_0_msmt17,,fp32,mAP,4.4304,3.9695,4.9053,2340,0.254,RTX 3060 Laptop 6GB,"protocol goc cua tac gia, khong chinh sua"
dt2_handoff,VN03-ain-20261004,2026-10-05,2642102,VN-03,AG-ReID.v2,exp1_aerial_to_cctv,osnet_ain_x1_0_dangguon − osnet_x1_0_msmt17,,fp32,mAP_hieu_cap,16.5971,15.604,17.5534,2356,0.0,RTX 3060 Laptop 6GB,so sánh cặp; osnet_ain_x1_0_dangguon thắng 87.0% truy vấn; có ý nghĩa
dt2_handoff,VN03-ain-20261004,2026-10-05,2642102,VN-03,AG-ReID.v2,exp2_aerial_to_wearable,osnet_ain_x1_0_dangguon − osnet_x1_0_msmt17,,fp32,mAP_hieu_cap,10.9775,10.2001,11.7855,2209,0.0,RTX 3060 Laptop 6GB,so sánh cặp; osnet_ain_x1_0_dangguon thắng 87.7% truy vấn; có ý nghĩa
dt2_handoff,VN03-ain-20261004,2026-10-05,2642102,VN-03,AG-ReID.v2,exp4_cctv_to_aerial,osnet_ain_x1_0_dangguon − osnet_x1_0_msmt17,,fp32,mAP_hieu_cap,14.3923,13.3403,15.4659,1811,0.0,RTX 3060 Laptop 6GB,so sánh cặp; osnet_ain_x1_0_dangguon thắng 89.5% truy vấn; có ý nghĩa
dt2_handoff,VN03-ain-20261004,2026-10-05,2642102,VN-03,AG-ReID.v2,exp5_wearable_to_aerial,osnet_ain_x1_0_dangguon − osnet_x1_0_msmt17,,fp32,mAP_hieu_cap,8.9897,8.306,9.662,2340,0.0,RTX 3060 Laptop 6GB,so sánh cặp; osnet_ain_x1_0_dangguon thắng 83.3% truy vấn; có ý nghĩa
dt3_retrieval,LG02-mclip-secondpaper-20261005,2026-10-05,162b6c5203f42f692ef85d0c438d882a08fb29ad,LG-02,SecondPaper-M1-edata,dev,M-CLIP/XLM-Roberta-Large-Vit-L-14,0ad09a3a1ccf35d93c95c08686506fc59c966d77ac1f5833413366c4d327cb2d,FP32,Recall@1,0.0285714285714285,0.0,0.0735294117647058,70,0.0002340823970037,NVIDIA GeForce RTX 3050 Laptop GPU,"source=edata; gallery=4272 tracks; max cosine per track; single labeled relevant track; mAP=MRR under this labeling; 95% CI bootstrap clustered by target track, conditional on selected cameras; fixed M1 gallery; original paper evaluator unavailable; worktree has uncommitted implementation"
dt3_retrieval,LG02-mclip-secondpaper-20261005,2026-10-05,162b6c5203f42f692ef85d0c438d882a08fb29ad,LG-02,SecondPaper-M1-video,dev,M-CLIP/XLM-Roberta-Large-Vit-L-14,0ad09a3a1ccf35d93c95c08686506fc59c966d77ac1f5833413366c4d327cb2d,FP32,Recall@1,0.0,0.0,0.0,6,3.086038760646834e-05,NVIDIA GeForce RTX 3050 Laptop GPU,"source=video; gallery=32404 tracks; max cosine per track; single labeled relevant track; mAP=MRR under this labeling; 95% CI bootstrap clustered by target track, conditional on selected cameras; fixed M1 gallery; original paper evaluator unavailable; worktree has uncommitted implementation"
dt3_retrieval,LG02-mclip-secondpaper-20261005,2026-10-05,162b6c5203f42f692ef85d0c438d882a08fb29ad,LG-02,SecondPaper-M1-edata,dev,M-CLIP/XLM-Roberta-Large-Vit-L-14,0ad09a3a1ccf35d93c95c08686506fc59c966d77ac1f5833413366c4d327cb2d,FP32,Recall@10,0.1857142857142857,0.088235294117647,0.2916666666666667,70,0.0023408239700374,NVIDIA GeForce RTX 3050 Laptop GPU,"source=edata; gallery=4272 tracks; max cosine per track; single labeled relevant track; mAP=MRR under this labeling; 95% CI bootstrap clustered by target track, conditional on selected cameras; fixed M1 gallery; original paper evaluator unavailable; worktree has uncommitted implementation"
dt3_retrieval,LG02-mclip-secondpaper-20261005,2026-10-05,162b6c5203f42f692ef85d0c438d882a08fb29ad,LG-02,SecondPaper-M1-video,dev,M-CLIP/XLM-Roberta-Large-Vit-L-14,0ad09a3a1ccf35d93c95c08686506fc59c966d77ac1f5833413366c4d327cb2d,FP32,Recall@10,0.1666666666666666,0.0,0.5,6,0.0003086038760646,NVIDIA GeForce RTX 3050 Laptop GPU,"source=video; gallery=32404 tracks; max cosine per track; single labeled relevant track; mAP=MRR under this labeling; 95% CI bootstrap clustered by target track, conditional on selected cameras; fixed M1 gallery; original paper evaluator unavailable; worktree has uncommitted implementation"
dt3_retrieval,LG02-mclip-secondpaper-20261005,2026-10-05,162b6c5203f42f692ef85d0c438d882a08fb29ad,LG-02,SecondPaper-M1-edata,dev,M-CLIP/XLM-Roberta-Large-Vit-L-14,0ad09a3a1ccf35d93c95c08686506fc59c966d77ac1f5833413366c4d327cb2d,FP32,Recall@5,0.1428571428571428,0.0441176470588235,0.2432432432432432,70,0.0011704119850187,NVIDIA GeForce RTX 3050 Laptop GPU,"source=edata; gallery=4272 tracks; max cosine per track; single labeled relevant track; mAP=MRR under this labeling; 95% CI bootstrap clustered by target track, conditional on selected cameras; fixed M1 gallery; original paper evaluator unavailable; worktree has uncommitted implementation"
dt3_retrieval,LG02-mclip-secondpaper-20261005,2026-10-05,162b6c5203f42f692ef85d0c438d882a08fb29ad,LG-02,SecondPaper-M1-video,dev,M-CLIP/XLM-Roberta-Large-Vit-L-14,0ad09a3a1ccf35d93c95c08686506fc59c966d77ac1f5833413366c4d327cb2d,FP32,Recall@5,0.1666666666666666,0.0,0.5,6,0.0001543019380323,NVIDIA GeForce RTX 3050 Laptop GPU,"source=video; gallery=32404 tracks; max cosine per track; single labeled relevant track; mAP=MRR under this labeling; 95% CI bootstrap clustered by target track, conditional on selected cameras; fixed M1 gallery; original paper evaluator unavailable; worktree has uncommitted implementation"
dt3_retrieval,LG02-mclip-secondpaper-20261005,2026-10-05,162b6c5203f42f692ef85d0c438d882a08fb29ad,LG-02,SecondPaper-M1-edata,dev,M-CLIP/XLM-Roberta-Large-Vit-L-14,0ad09a3a1ccf35d93c95c08686506fc59c966d77ac1f5833413366c4d327cb2d,FP32,cached_gallery_pipeline_latency_p50_ms,28.087700000014596,,,210,,NVIDIA GeForce RTX 3050 Laptop GPU,"source=edata; gallery=4272 tracks; max cosine per track; single labeled relevant track; mAP=MRR under this labeling; 95% CI bootstrap clustered by target track, conditional on selected cameras; fixed M1 gallery; original paper evaluator unavailable; worktree has uncommitted implementation; warmup=5 per source; repeats=3; batch=1; gallery preloaded; pipeline includes D2H; excludes image indexing, model loading and IO; shared-GPU isolation not verified"
dt3_retrieval,LG02-mclip-secondpaper-20261005,2026-10-05,162b6c5203f42f692ef85d0c438d882a08fb29ad,LG-02,SecondPaper-M1-video,dev,M-CLIP/XLM-Roberta-Large-Vit-L-14,0ad09a3a1ccf35d93c95c08686506fc59c966d77ac1f5833413366c4d327cb2d,FP32,cached_gallery_pipeline_latency_p50_ms,44.11705000006805,,,18,,NVIDIA GeForce RTX 3050 Laptop GPU,"source=video; gallery=32404 tracks; max cosine per track; single labeled relevant track; mAP=MRR under this labeling; 95% CI bootstrap clustered by target track, conditional on selected cameras; fixed M1 gallery; original paper evaluator unavailable; worktree has uncommitted implementation; warmup=5 per source; repeats=3; batch=1; gallery preloaded; pipeline includes D2H; excludes image indexing, model loading and IO; shared-GPU isolation not verified"
dt3_retrieval,LG02-mclip-secondpaper-20261005,2026-10-05,162b6c5203f42f692ef85d0c438d882a08fb29ad,LG-02,SecondPaper-M1-edata,dev,M-CLIP/XLM-Roberta-Large-Vit-L-14,0ad09a3a1ccf35d93c95c08686506fc59c966d77ac1f5833413366c4d327cb2d,FP32,cached_gallery_pipeline_latency_p95_ms,38.68131999990965,,,210,,NVIDIA GeForce RTX 3050 Laptop GPU,"source=edata; gallery=4272 tracks; max cosine per track; single labeled relevant track; mAP=MRR under this labeling; 95% CI bootstrap clustered by target track, conditional on selected cameras; fixed M1 gallery; original paper evaluator unavailable; worktree has uncommitted implementation; warmup=5 per source; repeats=3; batch=1; gallery preloaded; pipeline includes D2H; excludes image indexing, model loading and IO; shared-GPU isolation not verified"
dt3_retrieval,LG02-mclip-secondpaper-20261005,2026-10-05,162b6c5203f42f692ef85d0c438d882a08fb29ad,LG-02,SecondPaper-M1-video,dev,M-CLIP/XLM-Roberta-Large-Vit-L-14,0ad09a3a1ccf35d93c95c08686506fc59c966d77ac1f5833413366c4d327cb2d,FP32,cached_gallery_pipeline_latency_p95_ms,52.08365999999387,,,18,,NVIDIA GeForce RTX 3050 Laptop GPU,"source=video; gallery=32404 tracks; max cosine per track; single labeled relevant track; mAP=MRR under this labeling; 95% CI bootstrap clustered by target track, conditional on selected cameras; fixed M1 gallery; original paper evaluator unavailable; worktree has uncommitted implementation; warmup=5 per source; repeats=3; batch=1; gallery preloaded; pipeline includes D2H; excludes image indexing, model loading and IO; shared-GPU isolation not verified"
dt3_retrieval,LG02-mclip-secondpaper-20261005,2026-10-05,162b6c5203f42f692ef85d0c438d882a08fb29ad,LG-02,SecondPaper-M1-edata,dev,M-CLIP/XLM-Roberta-Large-Vit-L-14,0ad09a3a1ccf35d93c95c08686506fc59c966d77ac1f5833413366c4d327cb2d,FP32,mAP,0.0875300139857801,0.045499339856815,0.1393645286975072,70,0.0020920341952654,NVIDIA GeForce RTX 3050 Laptop GPU,"source=edata; gallery=4272 tracks; max cosine per track; single labeled relevant track; mAP=MRR under this labeling; 95% CI bootstrap clustered by target track, conditional on selected cameras; fixed M1 gallery; original paper evaluator unavailable; worktree has uncommitted implementation"
dt3_retrieval,LG02-mclip-secondpaper-20261005,2026-10-05,162b6c5203f42f692ef85d0c438d882a08fb29ad,LG-02,SecondPaper-M1-video,dev,M-CLIP/XLM-Roberta-Large-Vit-L-14,0ad09a3a1ccf35d93c95c08686506fc59c966d77ac1f5833413366c4d327cb2d,FP32,mAP,0.1061063646075879,0.0078156926863538,0.2670039403321136,6,0.0003383307075042,NVIDIA GeForce RTX 3050 Laptop GPU,"source=video; gallery=32404 tracks; max cosine per track; single labeled relevant track; mAP=MRR under this labeling; 95% CI bootstrap clustered by target track, conditional on selected cameras; fixed M1 gallery; original paper evaluator unavailable; worktree has uncommitted implementation"
dt3_retrieval,LG02-mclip-secondpaper-20261005,2026-10-05,162b6c5203f42f692ef85d0c438d882a08fb29ad,LG-02,SecondPaper-M1-edata,dev,M-CLIP/XLM-Roberta-Large-Vit-L-14,0ad09a3a1ccf35d93c95c08686506fc59c966d77ac1f5833413366c4d327cb2d,FP32,peak_model_allocated_vram_mib,2149.01904296875,,,1,,NVIDIA GeForce RTX 3050 Laptop GPU,PyTorch peak allocated during text inference across both source subsets; excludes other processes
dt3_retrieval,LG02-mclip-secondpaper-20261005,2026-10-05,162b6c5203f42f692ef85d0c438d882a08fb29ad,LG-02,SecondPaper-M1-video,dev,M-CLIP/XLM-Roberta-Large-Vit-L-14,0ad09a3a1ccf35d93c95c08686506fc59c966d77ac1f5833413366c4d327cb2d,FP32,peak_model_allocated_vram_mib,2149.01904296875,,,1,,NVIDIA GeForce RTX 3050 Laptop GPU,PyTorch peak allocated during text inference across both source subsets; excludes other processes
dt3_retrieval,LG02-mclip-secondpaper-20261005,2026-10-05,162b6c5203f42f692ef85d0c438d882a08fb29ad,LG-02,SecondPaper-M1-edata,dev,M-CLIP/XLM-Roberta-Large-Vit-L-14,0ad09a3a1ccf35d93c95c08686506fc59c966d77ac1f5833413366c4d327cb2d,FP32,search_latency_p50_ms,4.541700000117999,,,210,,NVIDIA GeForce RTX 3050 Laptop GPU,"source=edata; gallery=4272 tracks; max cosine per track; single labeled relevant track; mAP=MRR under this labeling; 95% CI bootstrap clustered by target track, conditional on selected cameras; fixed M1 gallery; original paper evaluator unavailable; worktree has uncommitted implementation; warmup=5 per source; repeats=3; batch=1; gallery preloaded; pipeline includes D2H; excludes image indexing, model loading and IO; shared-GPU isolation not verified"
dt3_retrieval,LG02-mclip-secondpaper-20261005,2026-10-05,162b6c5203f42f692ef85d0c438d882a08fb29ad,LG-02,SecondPaper-M1-video,dev,M-CLIP/XLM-Roberta-Large-Vit-L-14,0ad09a3a1ccf35d93c95c08686506fc59c966d77ac1f5833413366c4d327cb2d,FP32,search_latency_p50_ms,18.2507000000669,,,18,,NVIDIA GeForce RTX 3050 Laptop GPU,"source=video; gallery=32404 tracks; max cosine per track; single labeled relevant track; mAP=MRR under this labeling; 95% CI bootstrap clustered by target track, conditional on selected cameras; fixed M1 gallery; original paper evaluator unavailable; worktree has uncommitted implementation; warmup=5 per source; repeats=3; batch=1; gallery preloaded; pipeline includes D2H; excludes image indexing, model loading and IO; shared-GPU isolation not verified"
dt3_retrieval,LG02-mclip-secondpaper-20261005,2026-10-05,162b6c5203f42f692ef85d0c438d882a08fb29ad,LG-02,SecondPaper-M1-edata,dev,M-CLIP/XLM-Roberta-Large-Vit-L-14,0ad09a3a1ccf35d93c95c08686506fc59c966d77ac1f5833413366c4d327cb2d,FP32,search_latency_p95_ms,7.211345000052913,,,210,,NVIDIA GeForce RTX 3050 Laptop GPU,"source=edata; gallery=4272 tracks; max cosine per track; single labeled relevant track; mAP=MRR under this labeling; 95% CI bootstrap clustered by target track, conditional on selected cameras; fixed M1 gallery; original paper evaluator unavailable; worktree has uncommitted implementation; warmup=5 per source; repeats=3; batch=1; gallery preloaded; pipeline includes D2H; excludes image indexing, model loading and IO; shared-GPU isolation not verified"
dt3_retrieval,LG02-mclip-secondpaper-20261005,2026-10-05,162b6c5203f42f692ef85d0c438d882a08fb29ad,LG-02,SecondPaper-M1-video,dev,M-CLIP/XLM-Roberta-Large-Vit-L-14,0ad09a3a1ccf35d93c95c08686506fc59c966d77ac1f5833413366c4d327cb2d,FP32,search_latency_p95_ms,21.91630999988092,,,18,,NVIDIA GeForce RTX 3050 Laptop GPU,"source=video; gallery=32404 tracks; max cosine per track; single labeled relevant track; mAP=MRR under this labeling; 95% CI bootstrap clustered by target track, conditional on selected cameras; fixed M1 gallery; original paper evaluator unavailable; worktree has uncommitted implementation; warmup=5 per source; repeats=3; batch=1; gallery preloaded; pipeline includes D2H; excludes image indexing, model loading and IO; shared-GPU isolation not verified"
dt3_retrieval,LG02-mclip-secondpaper-20261005,2026-10-05,162b6c5203f42f692ef85d0c438d882a08fb29ad,LG-02,SecondPaper-M1-edata,dev,M-CLIP/XLM-Roberta-Large-Vit-L-14,0ad09a3a1ccf35d93c95c08686506fc59c966d77ac1f5833413366c4d327cb2d,FP32,text_model_latency_p50_ms,23.56964999989941,,,210,,NVIDIA GeForce RTX 3050 Laptop GPU,"source=edata; gallery=4272 tracks; max cosine per track; single labeled relevant track; mAP=MRR under this labeling; 95% CI bootstrap clustered by target track, conditional on selected cameras; fixed M1 gallery; original paper evaluator unavailable; worktree has uncommitted implementation; warmup=5 per source; repeats=3; batch=1; gallery preloaded; pipeline includes D2H; excludes image indexing, model loading and IO; shared-GPU isolation not verified"
dt3_retrieval,LG02-mclip-secondpaper-20261005,2026-10-05,162b6c5203f42f692ef85d0c438d882a08fb29ad,LG-02,SecondPaper-M1-video,dev,M-CLIP/XLM-Roberta-Large-Vit-L-14,0ad09a3a1ccf35d93c95c08686506fc59c966d77ac1f5833413366c4d327cb2d,FP32,text_model_latency_p50_ms,27.10969999998269,,,18,,NVIDIA GeForce RTX 3050 Laptop GPU,"source=video; gallery=32404 tracks; max cosine per track; single labeled relevant track; mAP=MRR under this labeling; 95% CI bootstrap clustered by target track, conditional on selected cameras; fixed M1 gallery; original paper evaluator unavailable; worktree has uncommitted implementation; warmup=5 per source; repeats=3; batch=1; gallery preloaded; pipeline includes D2H; excludes image indexing, model loading and IO; shared-GPU isolation not verified"
dt3_retrieval,LG02-mclip-secondpaper-20261005,2026-10-05,162b6c5203f42f692ef85d0c438d882a08fb29ad,LG-02,SecondPaper-M1-edata,dev,M-CLIP/XLM-Roberta-Large-Vit-L-14,0ad09a3a1ccf35d93c95c08686506fc59c966d77ac1f5833413366c4d327cb2d,FP32,text_model_latency_p95_ms,32.90716499993778,,,210,,NVIDIA GeForce RTX 3050 Laptop GPU,"source=edata; gallery=4272 tracks; max cosine per track; single labeled relevant track; mAP=MRR under this labeling; 95% CI bootstrap clustered by target track, conditional on selected cameras; fixed M1 gallery; original paper evaluator unavailable; worktree has uncommitted implementation; warmup=5 per source; repeats=3; batch=1; gallery preloaded; pipeline includes D2H; excludes image indexing, model loading and IO; shared-GPU isolation not verified"
dt3_retrieval,LG02-mclip-secondpaper-20261005,2026-10-05,162b6c5203f42f692ef85d0c438d882a08fb29ad,LG-02,SecondPaper-M1-video,dev,M-CLIP/XLM-Roberta-Large-Vit-L-14,0ad09a3a1ccf35d93c95c08686506fc59c966d77ac1f5833413366c4d327cb2d,FP32,text_model_latency_p95_ms,30.79230499999994,,,18,,NVIDIA GeForce RTX 3050 Laptop GPU,"source=video; gallery=32404 tracks; max cosine per track; single labeled relevant track; mAP=MRR under this labeling; 95% CI bootstrap clustered by target track, conditional on selected cameras; fixed M1 gallery; original paper evaluator unavailable; worktree has uncommitted implementation; warmup=5 per source; repeats=3; batch=1; gallery preloaded; pipeline includes D2H; excludes image indexing, model loading and IO; shared-GPU isolation not verified"
