model,language,input_mode,asr,variant,source,split,n,gallery_tracks,Recall@1_pct,Recall@1_ci95_low_pct,Recall@1_ci95_high_pct,Recall@1_interpretation,Recall@5_pct,Recall@5_ci95_low_pct,Recall@5_ci95_high_pct,Recall@5_interpretation,Recall@10_pct,Recall@10_ci95_low_pct,Recall@10_ci95_high_pct,Recall@10_interpretation,mAP_pct,mAP_ci95_low_pct,mAP_ci95_high_pct,mAP_interpretation,text_p50_ms,text_p95_ms,pipeline_p50_ms,pipeline_p95_ms
M-CLIP,vi,typed,none,typed_vi,edata,dev,70,4272,2.857142857142857,0.0,7.352941176470589,CI overlaps chance; inconclusive under chosen CI,14.285714285714285,4.411764705882353,24.324324324324326,CI above chance,18.571428571428573,8.823529411764707,29.166666666666668,CI above chance,8.753001398578014,4.549933985681508,13.936452869750726,CI above chance,29.75464999963151,51.799719999507936,34.606950000124925,58.211355000184994
M-CLIP,vi,typed,none,typed_vi,video,dev,6,32404,0.0,0.0,0.0,CI below chance,16.666666666666664,0.0,50.0,CI overlaps chance; inconclusive under chosen CI,16.666666666666664,0.0,50.0,CI overlaps chance; inconclusive under chosen CI,10.6106364607588,0.7815692686353879,26.700394033211367,CI above chance,28.636300001380732,41.05641499982082,45.025299999906565,63.64345000101816
M-CLIP,en,typed,none,typed_en_reviewed,edata,dev,70,4272,5.714285714285714,1.3513513513513513,11.76470588235294,CI above chance,14.285714285714285,4.411764705882353,25.0,CI above chance,21.428571428571427,10.294117647058822,33.33333333333333,CI above chance,10.132776210451478,5.076596393816862,16.127166593901467,CI above chance,27.622799999335257,40.31918999971822,32.60024999963207,45.76232499885008
M-CLIP,en,typed,none,typed_en_reviewed,video,dev,6,32404,16.666666666666664,0.0,50.0,CI overlaps chance; inconclusive under chosen CI,33.33333333333333,0.0,66.66666666666666,CI overlaps chance; inconclusive under chosen CI,50.0,16.666666666666664,83.33333333333334,CI above chance,28.020823728023288,3.0257744401735605,58.57434079695132,CI above chance,28.832150000198453,47.26644500024122,45.71925000072952,70.21000499971706
M-CLIP,vi,spoken_ASR,Whisper,spoken_whisper_vi,edata,dev,70,4272,0.0,0.0,0.0,CI below chance,7.142857142857142,1.4705882352941175,13.157894736842104,CI above chance,11.428571428571429,4.411764705882353,18.585084033613434,CI above chance,4.547052146238137,2.2610208674539245,6.962106165201335,CI above chance,24.67785000044387,34.78799499962406,29.08279999974184,41.228255000260106
M-CLIP,vi,spoken_ASR,Whisper,spoken_whisper_vi,video,dev,6,32404,0.0,0.0,0.0,CI below chance,16.666666666666664,0.0,50.0,CI overlaps chance; inconclusive under chosen CI,16.666666666666664,0.0,50.0,CI overlaps chance; inconclusive under chosen CI,8.731578518658935,0.21363323250696808,25.29283673776587,CI above chance,26.601399998980924,35.90387000103873,42.97444999974687,56.30629500074063
M-CLIP,vi,spoken_ASR,PhoWhisper,spoken_phowhisper_vi,edata,dev,70,4272,2.857142857142857,0.0,7.352941176470589,CI overlaps chance; inconclusive under chosen CI,17.142857142857142,8.823529411764707,25.71428571428571,CI above chance,25.71428571428571,16.176470588235293,35.72420634920634,CI above chance,10.456549435101522,6.3273081451640625,15.782118890341746,CI above chance,20.871149999948102,28.631870001299827,24.838500000441854,32.915944999967905
M-CLIP,vi,spoken_ASR,PhoWhisper,spoken_phowhisper_vi,video,dev,6,32404,0.0,0.0,0.0,CI below chance,16.666666666666664,0.0,50.0,CI overlaps chance; inconclusive under chosen CI,16.666666666666664,0.0,50.0,CI overlaps chance; inconclusive under chosen CI,8.992815915649018,0.1509790116261852,25.546250403866118,CI above chance,20.891900000606256,25.355355000010608,34.127949999856355,38.31030999972427
OpenCLIP,vi,typed,none,typed_vi,edata,dev,70,4272,7.142857142857142,0.0,17.105263157894736,CI overlaps chance; inconclusive under chosen CI,24.285714285714285,13.23529411764706,36.11111111111111,CI above chance,28.57142857142857,17.647058823529413,40.30024509803919,CI above chance,14.041339155966845,6.7534715267921195,23.128981243037497,CI above chance,11.903999999958614,18.746575000295703,14.718250000441913,21.559615001024213
OpenCLIP,vi,typed,none,typed_vi,video,dev,6,32404,0.0,0.0,0.0,CI below chance,16.666666666666664,0.0,50.0,CI overlaps chance; inconclusive under chosen CI,33.33333333333333,0.0,66.66666666666666,CI overlaps chance; inconclusive under chosen CI,6.815480981403403,0.5678988997437451,14.697628937631968,CI above chance,13.154999999642314,18.08435000029931,23.162499999671127,29.069139999137406
OpenCLIP,en,typed,none,typed_en_reviewed,edata,dev,70,4272,4.285714285714286,0.0,10.0,CI overlaps chance; inconclusive under chosen CI,18.571428571428573,7.352941176470589,29.72972972972973,CI above chance,30.0,18.045343137254903,41.4345238095238,CI above chance,12.18688823886046,6.843591113822556,18.362515535431395,CI above chance,12.829749999582418,19.303329999729613,15.947549999509645,22.855870000057617
OpenCLIP,en,typed,none,typed_en_reviewed,video,dev,6,32404,0.0,0.0,0.0,CI below chance,0.0,0.0,0.0,CI below chance,16.666666666666664,0.0,50.0,CI overlaps chance; inconclusive under chosen CI,4.393069826593963,0.691839041897023,9.281277525853282,CI above chance,12.182899999970687,17.324830000598013,22.719699999470322,30.319549999876468
OpenCLIP,vi,spoken_ASR,Whisper,spoken_whisper_vi,edata,dev,70,4272,2.857142857142857,0.0,8.108108108108109,CI overlaps chance; inconclusive under chosen CI,7.142857142857142,1.4705882352941175,14.473684210526317,CI above chance,18.571428571428573,7.352941176470589,29.166666666666668,CI above chance,6.522171186767115,2.4635775756049068,13.047435967353547,CI above chance,11.26485000077082,18.46079999932044,14.00374999957421,21.23725499941429
OpenCLIP,vi,spoken_ASR,Whisper,spoken_whisper_vi,video,dev,6,32404,0.0,0.0,0.0,CI below chance,16.666666666666664,0.0,50.0,CI overlaps chance; inconclusive under chosen CI,16.666666666666664,0.0,50.0,CI overlaps chance; inconclusive under chosen CI,4.163743496758974,0.4530234440638852,10.648308644516902,CI above chance,11.368800000127521,16.08380499983468,21.637699999701,25.63698499925522
OpenCLIP,vi,spoken_ASR,PhoWhisper,spoken_phowhisper_vi,edata,dev,70,4272,5.714285714285714,0.0,12.170608108108102,CI overlaps chance; inconclusive under chosen CI,17.142857142857142,8.571428571428571,26.47058823529412,CI above chance,22.857142857142858,11.76470588235294,34.285714285714285,CI above chance,11.996435548871188,5.797363580026023,19.119847462558223,CI above chance,11.152350000884326,19.176084999617157,13.82499999999709,21.83975499965527
OpenCLIP,vi,spoken_ASR,PhoWhisper,spoken_phowhisper_vi,video,dev,6,32404,0.0,0.0,0.0,CI below chance,33.33333333333333,0.0,66.66666666666666,CI overlaps chance; inconclusive under chosen CI,33.33333333333333,0.0,66.66666666666666,CI overlaps chance; inconclusive under chosen CI,13.313108140541866,0.8158714534975261,29.31217291431064,CI above chance,12.328150000030291,17.84561500080599,22.815100001025712,27.0514450000519
